has_pic,username_len,username_digits,is_private,full_name_len,num_post,num_followers,num_followings,bio_len,is_business,is_recent_user,isFake
0,14,0,0,25,1016,3450,1073,145,1,0,0
0,8,0,0,8,27,281,269,28,1,0,0
0,14,0,0,13,507,790496,233,150,0,0,0
0,8,0,1,5,94,647,1019,0,0,0,0
0,9,0,0,16,34,823,725,100,0,0,0
0,12,3,1,16,3,66,130,0,0,0,0
0,16,0,0,24,42,224,92,86,0,0,0
0,8,0,0,8,55,475,3,124,1,0,0
0,11,0,0,30,356,641,27,113,0,0,0
0,11,0,0,11,155,101,136,0,0,0,0
0,26,0,0,28,231,659,23,109,1,0,0
0,8,0,0,9,1456,1683,38,80,1,0,0
0,12,0,0,14,6,635,6,138,1,0,0
0,12,0,1,13,6,113,247,0,0,0,0
0,13,0,1,0,0,219,234,20,0,0,0
0,21,0,0,21,1055,5983,180,145,1,0,0
0,11,0,0,29,965,7822,46,89,1,0,0
0,7,0,0,8,927,137203,175,136,1,0,0
0,7,0,0,4,2607,194043,158,145,1,0,0
0,12,0,0,13,1019,18180,2057,85,1,0,0
0,14,0,0,28,772,3566,359,150,1,0,0
0,15,0,0,15,136,408,3,150,0,0,0
0,13,0,1,12,33,479,856,0,0,0,0
0,29,0,0,30,155,712,171,141,1,0,0
0,24,0,0,25,271,356,36,149,1,0,0
0,15,0,1,16,6,71,357,1,0,0,0
0,12,0,1,14,1,29,27,0,0,0,0
0,14,1,0,18,182,5159,4926,65,1,0,0
0,10,0,1,19,72,3688,1689,64,0,0,0
0,19,0,1,19,268,228,328,96,0,0,0
0,9,0,0,21,375,271478,2209,140,0,0,0
0,11,0,0,15,1,352,467,19,0,0,0
0,17,0,1,14,6,206,179,135,0,0,0
0,7,0,1,14,23,237,600,0,0,0,0
0,11,0,0,14,759,2123,120,108,0,0,0
0,10,0,0,10,466,1098,68,106,0,0,0
0,9,0,0,9,717,14113,548,99,1,0,0
0,9,0,0,15,29,255,531,0,0,0,0
0,15,0,1,16,5,284,471,0,0,0,0
0,12,0,0,0,39,60,113,82,1,0,0
0,10,0,0,22,563,33467,607,147,1,0,0
0,11,0,0,12,3,157,106,0,0,0,0
0,15,0,1,13,58,1299,1137,38,0,0,0
0,17,0,1,6,27,2975,1255,57,0,0,0
0,14,0,1,14,1,3858,1858,121,0,0,0
0,12,0,0,36,657,210438,102,150,0,0,0
0,12,0,1,21,11,249,289,0,0,0,0
0,12,0,1,12,267,849,5911,105,0,0,0
0,9,0,0,25,23,1456,981,142,1,0,0
0,18,0,0,0,1,1669,210,23,0,0,0
0,13,0,0,20,0,654,1651,1,0,0,0
0,15,2,1,13,0,9,306,0,0,0,0
0,12,0,0,17,3,267,618,0,0,0,0
0,12,0,0,10,5,496,444,97,0,0,0
0,17,2,1,8,3,537,2294,56,0,0,0
0,15,2,1,13,14,180,726,0,0,0,0
0,17,0,1,7,3,1198,1196,99,0,0,0
0,13,2,1,17,11,1652,1087,19,0,0,0
0,21,0,1,22,16,355,494,27,0,0,0
0,14,0,1,15,3,2719,450,51,0,0,0
0,10,0,1,20,250,566,1593,73,0,0,0
0,18,4,1,15,1,165,387,0,0,0,0
0,21,0,1,19,12,784,1019,7,0,0,0
0,15,0,1,16,83,1097,544,28,0,0,0
0,16,2,1,13,2,210,421,0,0,0,0
0,12,0,0,17,56,335,368,20,0,0,0
0,10,0,1,15,56,475,563,30,0,0,0
0,13,2,0,11,20,1184,4897,127,0,0,0
0,15,0,0,16,16,1503,1553,0,0,0,0
0,9,0,0,14,11,679,550,29,0,0,0
0,14,0,1,10,22,438,500,76,0,0,0
0,19,0,0,19,5,412,1759,0,1,0,0
0,19,0,0,17,0,572,209,6,0,0,0
0,17,2,1,16,3,517,818,47,0,0,0
0,18,2,0,16,52,104,115,0,0,0,0
0,12,0,1,18,26,1086,751,96,0,0,0
0,19,2,0,14,30,814,3031,97,1,0,0
0,8,0,0,15,62,2091,4604,23,0,0,0
0,8,2,1,17,5,1063,475,17,0,0,0
0,19,2,1,17,0,236,414,0,0,0,0
0,9,0,1,16,43,4594,3967,91,0,0,0
0,15,0,1,16,49,685,1346,25,0,0,0
0,20,2,1,18,39,1564,2269,82,0,0,0
0,16,0,1,12,0,706,514,34,0,0,0
0,12,0,0,5,4,900,274,29,0,0,0
0,16,0,0,13,5,1060,3690,81,0,0,0
0,7,3,0,11,44,1140,779,124,1,0,0
0,16,0,1,7,5,578,826,11,0,0,0
0,9,2,1,16,59,745,652,145,0,0,0
0,13,0,0,13,223,4554,1922,143,0,0,0
0,17,0,1,0,109,699,242,85,0,0,0
0,14,0,0,18,267,849,1355,129,1,0,0
0,18,0,1,16,190,2661,998,62,0,0,0
0,17,0,1,16,64,1287,662,146,0,0,0
0,13,2,0,12,21,974,663,14,0,0,0
0,18,2,0,16,4,365,546,68,0,0,0
0,12,0,0,7,34,1300,665,0,0,0,0
0,10,0,1,11,7,956,805,0,0,0,0
0,16,0,0,18,42,758,743,0,0,0,0
0,14,0,0,15,0,2028,4290,0,0,0,0
0,20,0,1,20,24,351,386,21,0,0,0
0,17,0,1,2,0,1068,409,0,0,0,0
0,7,1,1,12,64,478,603,3,0,0,0
0,15,0,1,16,0,928,439,11,0,0,0
0,13,0,0,14,252,2260,6037,37,0,0,0
0,14,0,0,5,13,1266,248,0,0,0,0
0,8,0,1,16,29,2583,971,60,0,0,0
0,15,0,1,15,42,147,181,37,0,0,0
0,10,0,1,13,91,2719,1094,0,0,0,0
0,14,4,1,11,17,182,1325,69,0,0,0
0,10,0,1,9,30,1232,669,27,0,0,0
0,11,0,1,7,10,1064,1470,46,0,0,0
0,14,0,0,7,1,1202,4950,52,0,0,0
0,15,0,1,8,40,909,3726,100,0,0,0
0,8,0,1,8,41,1108,100,10,0,0,0
0,11,0,1,16,13,570,734,53,0,0,0
0,13,0,1,12,56,384,425,11,0,0,0
0,15,0,1,9,103,809,772,146,0,0,0
0,17,0,0,15,1,961,654,33,0,0,0
0,13,0,0,14,511,2066,7495,106,0,0,0
0,9,2,1,2,357,474,2883,0,0,0,0
0,10,0,1,10,8,1521,1865,60,0,0,0
0,15,0,0,15,92,2665,1463,143,0,0,0
1,15,0,1,1,158,3823,7388,0,0,0,0
0,13,0,1,26,30,1083,848,20,0,0,0
0,9,0,1,17,29,413,709,0,0,0,0
0,14,0,0,14,49,3018,989,44,0,0,0
0,13,0,0,15,0,518,784,33,0,0,0
0,12,0,1,16,0,670,435,8,0,0,0
0,16,2,1,16,2,113,491,52,0,0,0
0,9,0,1,19,1,928,343,57,0,0,0
0,16,0,1,0,8,1320,529,2,0,0,0
0,11,0,1,7,311,2668,3594,68,0,0,0
0,18,4,0,18,3,171,494,16,1,0,0
0,9,0,0,16,61,1417,982,86,1,0,0
0,7,2,0,16,10,1768,2374,64,1,0,0
0,10,4,0,5,20,4274,5755,0,0,0,0
0,10,0,1,13,5,1521,1792,0,0,0,0
0,10,0,0,15,106,1179,352,89,1,0,0
0,12,0,0,8,115,6971,1367,0,1,0,0
0,8,0,0,15,125,534,994,0,1,0,0
0,17,0,0,17,42,562,290,148,0,0,0
0,12,0,0,11,102,424,1399,0,0,0,0
0,11,0,0,19,8,364,470,95,1,0,0
0,10,0,0,47,28,2745,1153,135,1,0,0
0,8,2,0,15,13,166,216,89,0,0,0
0,14,0,0,14,197,698,329,118,0,0,0
0,15,0,0,21,167,2388,276,23,0,0,0
0,17,0,0,16,731,1835,678,91,0,0,0
0,8,0,0,8,11,68,202,0,0,0,0
0,9,0,0,6,162,2735,210,14,1,0,0
0,18,0,0,18,0,124,14,0,0,0,0
0,11,1,0,13,1,155,296,32,1,0,0
0,10,2,0,13,7,109,54,0,0,0,0
0,12,0,0,13,1,239,282,0,0,0,0
0,12,0,0,16,385,6974,3394,84,0,0,0
0,9,0,0,9,350,5254,2267,73,0,0,0
0,9,0,0,15,215,939,1485,150,0,0,0
0,14,0,0,16,165,4594,339,137,0,0,0
0,8,1,0,18,241,864,1213,61,1,0,0
0,16,0,0,17,648,5885,2178,76,1,0,0
0,17,2,0,15,198,5692,1468,147,1,0,0
0,17,0,0,17,90,11956,7535,0,1,0,0
0,15,0,0,14,129,323,261,14,0,0,0
0,15,0,0,15,142,1656,1200,82,0,0,0
0,9,0,0,26,62,12392,390,123,1,0,0
0,14,1,0,15,6,1229,1425,150,0,0,0
0,7,0,0,11,505,985,1533,23,1,0,0
0,15,0,0,15,2,74,30,0,0,0,0
0,13,1,0,16,111,1122,1319,118,0,0,0
0,14,0,0,14,22,344,553,17,0,0,0
0,17,0,0,18,163,913,4674,20,0,0,0
0,10,1,0,16,92,1451,4829,17,0,0,0
0,13,0,0,13,0,665,424,39,1,0,0
0,7,2,1,11,0,1012,2856,129,0,0,0
0,14,2,0,12,13,184,722,0,0,0,0
0,15,0,0,15,22,4221,797,51,1,0,0
0,14,0,0,18,34,3786,1163,45,0,0,0
0,11,0,0,6,13,708,812,27,1,0,0
0,18,0,1,5,6,2282,491,2,0,0,0
0,8,0,1,13,151,730,906,0,0,0,0
0,12,0,1,24,15,882,4254,97,0,0,0
0,16,8,0,12,44,561,4106,19,0,0,0
0,17,0,0,18,69,538,655,70,0,0,0
0,10,2,1,17,2,783,366,17,0,0,0
0,9,0,0,11,4,1363,1079,39,1,0,0
0,12,0,0,6,148,1974,334,19,0,0,0
0,15,0,1,10,23,1783,1000,8,0,0,0
0,20,2,0,17,1362,2677,665,149,0,0,0
0,15,0,0,16,1,80,128,0,0,0,0
0,13,0,1,0,47,1628,7508,36,0,0,0
0,18,2,1,15,4,1152,636,13,0,0,0
0,11,0,0,6,77,826,1330,14,0,0,0
0,16,2,0,14,10,1015,1926,52,1,0,0
0,19,0,0,3,1,574,256,0,1,0,0
0,17,0,0,17,42,1401,732,49,1,0,0
0,16,0,0,6,2,26633,3859,77,0,0,0
0,20,0,0,19,162,591,1316,102,0,0,0
0,15,2,1,8,3,502,1794,82,0,0,0
0,20,2,0,17,15,793,1765,0,1,0,0
0,18,0,0,18,34,792,1634,85,0,0,0
0,14,0,0,14,14,1532,825,17,1,0,0
0,11,0,0,9,56,914,1766,0,1,0,0
0,15,0,0,18,124,1798,2236,107,0,0,0
0,10,0,0,21,8,1909,826,135,0,0,0
1,14,0,0,16,0,116,188,0,0,0,0
0,10,0,1,22,1,1775,1312,49,0,0,0
0,14,0,0,8,0,746,275,55,0,0,0
0,10,2,0,26,1097,2557,311,97,0,0,0
0,13,0,0,5,1,924,2869,74,1,0,0
0,8,1,1,15,5,588,288,48,0,0,0
0,18,0,0,16,0,907,354,62,0,0,0
0,16,0,1,17,2,1240,1645,1,0,0,0
0,15,0,0,2,6,1077,3838,4,0,0,0
0,7,1,1,9,1,764,1167,20,0,0,0
0,10,0,0,10,1,301,2183,0,0,0,0
0,16,0,0,16,3,1830,1127,19,0,0,0
0,8,0,1,16,175,3817,2491,90,0,0,0
0,13,0,1,0,11,1429,925,29,0,0,0
0,15,2,1,5,8,483,199,109,0,0,0
0,8,0,0,21,369,4504,3488,29,1,0,0
0,15,0,0,15,135,2882,465,76,0,0,0
0,13,0,0,2,0,929,572,16,0,0,0
0,20,0,0,20,153,1108,647,0,1,0,0
0,16,0,0,7,0,966,1089,0,1,0,0
0,19,0,0,5,7,1509,1326,11,0,0,0
0,15,0,0,29,42,1522,4715,146,0,0,0
0,18,0,0,18,8,643,1149,0,1,0,0
0,13,0,0,0,1,239,83,19,0,0,0
0,11,0,1,12,2,2395,978,13,0,0,0
1,14,0,0,12,0,1556,6572,0,0,0,0
0,15,0,0,14,7,578,1989,0,0,0,0
0,13,1,0,12,154,2411,763,49,0,0,0
0,14,0,0,19,1154,1331,3623,19,0,0,0
0,22,2,1,20,30,936,1811,13,0,0,0
0,13,0,1,0,10,2823,2599,12,0,0,0
0,17,0,0,11,183,2582,2006,20,0,0,0
0,15,1,0,17,20,1764,3345,61,0,0,0
0,16,2,0,14,4,774,2329,55,1,0,0
0,13,0,0,15,1,576,2272,36,0,0,0
0,13,2,0,22,3,113,144,78,0,0,0
0,10,0,0,4,15,604,627,64,0,0,0
0,8,2,0,6,529,32987,1221,24,1,0,0
0,16,0,0,16,38,2463,1484,90,0,0,0
0,9,0,0,14,33,352,529,68,0,0,0
0,7,1,0,9,36,499,791,75,0,0,0
0,13,0,0,14,1,146,263,0,0,0,0
0,15,1,0,16,9,2061,2105,19,0,0,0
0,15,0,0,17,571,3001,4006,96,0,0,0
0,12,0,0,16,54,151,216,142,0,0,0
0,14,0,0,9,488,9780,2448,136,1,0,0
0,9,2,0,10,47,366,431,38,0,0,0
0,11,0,0,10,5,570,548,99,0,0,0
0,6,0,0,14,54,524,192,68,0,0,0
0,14,0,0,16,368,9622,2264,65,0,0,0
0,15,1,0,13,9,499,527,39,0,0,0
0,16,0,0,16,71,261,486,66,0,0,0
0,10,0,0,15,224,971,1157,85,0,0,0
0,13,4,0,29,494,1845,2267,141,1,0,0
0,7,0,0,12,448,188,255,5,0,0,0
0,17,2,0,14,16,211,147,0,1,0,0
0,9,0,0,14,567,8298,1366,108,0,0,0
0,15,0,0,15,6,849,847,95,1,0,0
0,9,0,0,17,353,250,289,0,0,0,0
0,17,0,0,12,3,585,104,52,0,0,0
0,18,0,0,20,607,38253,2352,138,1,0,0
0,7,1,1,19,17,292,312,104,0,0,0
0,17,0,0,17,220,105741,7499,56,1,0,0
0,13,0,0,5,75,452,1378,142,1,0,0
0,13,0,0,15,542,2655,4270,131,1,0,0
0,9,0,0,19,118,367,819,123,0,0,0
0,17,0,0,17,366,3151,1644,90,1,0,0
0,13,0,1,7,0,607,439,10,0,0,0
0,9,0,0,4,5,7148,380,34,1,0,0
0,13,0,1,8,102,135,1386,22,0,0,0
0,8,0,1,15,313,1792,945,0,0,0,0
0,8,3,0,11,8,850,980,59,0,0,0
0,12,1,1,12,0,566,7488,97,0,0,0
0,11,0,1,16,25,1628,3112,106,0,0,0
0,8,4,1,9,10,2651,2818,35,0,0,0
0,18,0,1,9,0,1405,638,0,0,0,0
0,15,0,1,16,8,822,1937,0,0,0,0
0,29,0,0,16,23,669,514,91,0,0,0
0,11,2,0,15,46,1065,221,57,0,0,0
0,10,2,1,3,3,817,1290,38,0,0,0
0,17,0,0,15,10,1112,201,22,0,0,0
0,13,0,1,20,2,1277,355,70,0,0,0
0,19,0,1,9,6,2134,681,13,0,0,0
0,9,0,0,8,8,622,7006,11,1,0,0
0,12,0,1,9,9,1152,1269,38,0,0,0
0,15,0,1,1,3,1029,363,0,0,0,0
0,14,4,1,10,86,425,822,0,0,0,0
0,11,3,1,15,37,348,1646,0,0,0,0
0,9,2,0,9,39,80,244,49,1,0,0
0,15,0,1,14,21,495,795,9,0,0,0
0,10,0,1,5,3,1455,925,6,0,0,0
0,11,0,0,14,3,855,822,27,0,0,0
0,12,0,0,12,67,1636,997,0,1,0,0
0,16,2,0,14,0,1176,4959,2,0,0,0
0,14,0,0,14,1,645,2470,0,0,0,0
0,16,0,1,6,5,1247,650,1,0,0,0
0,15,0,0,8,3,722,582,13,0,0,0
0,13,2,0,10,286,1504,4738,78,0,0,0
0,13,2,1,11,42,681,7182,52,0,0,0
0,19,0,1,19,2,1992,1892,25,0,0,0
0,9,1,0,7,29,27,44,10,0,0,0
0,10,1,0,3,119,2139,3983,56,0,0,0
1,14,0,0,15,34,689,158,0,0,0,0
0,10,0,0,9,10,885,571,42,0,0,0
0,8,0,0,16,0,1395,3702,49,1,0,0
0,12,0,1,0,63,1309,2829,11,0,0,0
0,10,0,0,3,8,1042,1365,7,0,0,0
0,17,0,0,7,0,751,413,15,0,0,0
0,15,0,1,21,130,2332,3067,88,0,0,0
0,17,0,1,10,1,1307,433,32,0,0,0
0,12,0,0,0,28,2235,1794,12,0,0,0
0,12,0,0,12,45,375,1363,24,0,0,0
0,11,0,1,8,12,973,807,3,0,0,0
0,11,0,0,15,38,1415,2802,99,0,0,0
0,14,0,0,17,21,1753,1562,95,1,0,0
0,15,0,0,17,11,991,787,42,0,0,0
0,15,0,1,7,7,964,1729,138,0,0,0
0,11,0,0,12,19,2084,2754,0,0,0,0
1,11,0,0,0,0,597,1043,0,1,0,0
0,15,0,0,14,12,650,1880,93,0,0,0
0,13,0,0,9,27,837,507,39,0,0,0
0,9,1,1,14,117,2362,1425,150,0,0,0
0,11,2,0,15,1,1836,1243,65,0,0,0
0,10,0,0,3,1,928,947,26,0,0,0
0,9,0,0,9,281,1873,1245,150,0,0,0
0,15,0,0,11,0,1046,1967,38,0,0,0
0,18,2,1,19,19,1020,1149,26,0,0,0
0,7,2,1,5,0,1304,2146,0,0,0,0
0,17,2,0,15,59,1078,1685,7,0,0,0
0,9,0,0,12,6,1418,1400,90,1,0,0
0,9,0,1,14,0,650,800,79,0,0,0
0,8,2,0,16,42,1013,6001,44,0,0,0
0,23,2,0,19,3,1384,859,23,0,0,0
0,8,0,0,6,35,1348,122,31,1,0,0
0,9,4,0,17,56,723,197,43,0,0,0
0,13,0,1,6,3,1002,2506,4,0,0,0
0,16,0,0,16,92,733,728,114,1,0,0
0,8,1,0,20,889,492,477,46,0,0,0
0,16,0,0,14,32,1317,944,32,1,0,0
0,7,0,0,15,24,423,398,100,0,0,0
0,12,0,0,12,64,771,652,49,0,0,0
0,11,0,0,16,137,224,212,87,0,0,0
0,11,4,0,12,0,77,134,0,0,0,0
0,13,0,0,14,3,191,283,57,0,0,0
0,14,0,0,18,10,368,258,135,1,0,0
0,9,2,0,6,107,6815,1739,116,1,0,0
0,16,2,0,15,11,346,590,150,0,0,0
0,16,0,0,16,20,456,334,141,0,0,0
0,15,0,1,16,22,27918,62,71,0,0,0
0,8,0,0,0,495,365,346,34,0,0,0
0,15,0,0,14,50,590,928,147,0,0,0
0,18,2,0,17,18,587,883,78,0,0,0
0,11,0,0,14,90,316,321,120,0,0,0
0,15,0,0,19,170,1337,1248,5,0,0,0
0,13,0,0,14,12,263,412,0,0,0,0
0,15,0,0,15,96,1932,1088,0,0,0,0
0,12,0,0,14,61,1019,1216,106,0,0,0
0,13,0,0,11,138,776,915,137,1,0,0
0,10,0,0,10,7,319,546,59,0,0,0
0,13,0,0,5,92,201,238,39,0,0,0
0,11,2,0,18,130,298,306,67,0,0,0
0,10,2,0,11,101,267,398,0,0,0,0
0,12,0,0,8,16,492,1302,62,0,0,0
0,6,0,0,16,80,506,250,0,0,0,0
0,9,0,0,13,0,477,613,10,0,0,0
0,14,0,0,9,6,263,945,1,0,0,0
0,17,0,0,8,7,270,265,87,0,0,0
0,12,1,0,20,1053,515,821,0,0,0,0
0,9,0,0,16,0,64,162,0,0,0,0
0,10,2,0,5,24,697,1216,7,0,0,0
0,17,1,0,16,81,748,1409,107,0,0,0
0,12,0,0,14,0,106,39,0,0,0,0
0,16,0,0,18,189,74,72,50,0,0,0
0,13,0,0,7,226,607,906,137,1,0,0
0,18,0,0,17,226,689,857,0,0,0,0
0,14,0,0,15,86,750,647,103,1,0,0
0,11,0,0,16,18,8875,2237,49,0,0,0
0,11,0,0,14,68,615,597,86,1,0,0
0,11,0,0,21,352,837,557,146,0,0,0
0,22,0,0,21,150,9619,842,147,1,0,0
0,16,0,0,17,39,1954,941,108,1,0,0
0,14,0,0,17,690,629,465,0,0,0,0
0,11,1,0,7,1,81,749,34,0,0,0
0,11,0,0,16,208,105,225,137,0,0,0
0,10,2,0,7,176,668,507,105,0,0,0
0,11,1,0,19,31,465,343,4,0,0,0
0,16,0,0,17,103,754,684,72,1,0,0
0,8,1,0,4,64,362,764,0,0,0,0
0,16,0,0,22,224,239,269,0,0,0,0
0,11,2,0,8,27,334,277,7,0,0,0
0,18,0,0,18,56,485,477,123,1,0,0
0,11,0,0,14,443,341,1253,120,0,0,0
0,13,1,0,14,195,11463,1002,131,0,0,0
0,6,2,0,14,85,469,557,61,0,0,0
0,29,0,0,30,289,350,342,105,1,0,0
0,19,0,0,10,54,8216,1436,73,1,0,0
0,9,2,0,17,36,1485,1371,41,0,0,0
0,9,0,0,15,1,251,354,31,0,0,0
0,14,2,0,13,3,263,211,113,0,0,0
0,6,0,0,22,15,240,294,0,0,0,0
0,17,0,0,19,6,1763,3019,79,1,0,0
0,26,0,0,13,66,287,1436,25,0,0,0
0,17,0,0,0,1,1808,1581,1,0,0,0
0,17,3,0,23,346,2628,2289,30,0,0,0
0,11,0,0,6,5,856,754,27,1,0,0
0,14,0,1,15,101,1289,1904,131,0,0,0
0,19,0,0,17,36,457,590,133,0,0,0
0,18,0,0,22,4,385,489,0,0,0,0
0,15,0,0,16,332,906,1012,0,0,0,0
0,14,2,1,15,19,381,524,80,0,0,0
0,8,0,0,27,25,1001,5274,144,0,0,0
0,20,0,0,22,1191,2041,2560,130,0,0,0
0,9,2,1,16,294,977,467,26,0,0,0
0,10,2,1,12,241,320,1761,106,0,0,0
0,19,0,0,18,79,588,875,0,0,0,0
1,18,0,0,20,0,19,22,0,0,0,0
1,22,7,0,15,0,307,730,0,0,0,0
0,12,0,0,12,28,364,101,125,1,0,0
0,12,0,1,19,139,771,1010,102,0,0,0
0,18,2,0,8,58,606,5564,37,1,0,0
0,9,0,0,9,92,6287,1838,14,1,0,0
0,9,1,0,17,820,5401,2613,0,1,0,0
0,11,0,0,11,475,18934,131,123,1,0,0
0,10,3,1,10,128,228,613,113,0,0,0
0,10,0,1,24,183,189,1004,0,0,0,0
0,16,0,1,16,12,241,704,79,0,0,0
0,18,0,0,18,12,68,168,79,1,0,0
0,22,0,0,19,39,106,511,135,1,0,0
0,15,0,0,15,78,1092,787,135,1,0,0
0,10,0,1,7,9,974,416,40,0,0,0
0,13,0,0,18,144,14058,1837,138,0,0,0
0,13,0,1,17,125,3108,1417,103,0,0,0
0,10,0,0,11,27,382,6,136,1,0,0
0,16,0,0,17,208,2093,5336,137,1,0,0
0,13,0,0,13,8,564,1912,73,1,0,0
0,9,0,0,18,58,10767,266,61,0,0,0
0,13,0,0,5,129,12783,5085,82,1,0,0
0,18,0,0,15,21,148,203,0,0,0,0
0,9,0,0,11,0,742,4396,0,1,0,0
0,14,0,0,16,45,260,869,118,0,0,0
0,15,0,0,20,152,6467,943,106,1,0,0
0,9,0,0,8,28,563,950,0,0,0,0
0,23,0,0,23,49,468,986,0,0,0,0
0,9,0,0,22,145,1359,1847,109,0,0,0
0,9,0,0,17,2,1586,829,27,0,0,0
0,16,5,0,10,30,206,918,0,1,0,0
0,16,1,0,14,173,1862,7499,39,0,0,0
0,11,2,1,10,8,167,201,0,0,0,0
0,13,1,1,14,428,442,726,3,0,0,0
0,11,2,1,17,29,190,184,46,0,0,0
0,14,0,0,15,233,2301,3053,147,0,0,0
0,9,0,0,6,153,316,197,0,0,0,0
0,25,0,1,28,503,2300,2805,140,0,0,0
0,11,2,1,17,84,305,4530,15,0,0,0
0,14,2,1,13,40,264,333,71,0,0,0
0,12,0,0,13,72,2719,1755,126,1,0,0
0,12,0,0,7,9,3364,1797,131,1,0,0
0,17,0,0,18,12,954,4033,0,0,0,0
0,14,0,0,15,40,85,604,0,0,0,0
0,11,0,0,12,59,675,1185,38,1,0,0
0,16,2,0,14,70,772,490,26,0,0,0
0,16,0,0,16,79,3390,6893,63,1,0,0
0,12,0,1,13,55,130,70,45,0,0,0
0,8,0,0,13,8,266,649,144,0,0,0
0,15,0,0,16,0,450,536,123,0,0,0
0,10,0,0,10,11,516,825,93,0,0,0
0,11,0,0,13,183,152,532,25,0,0,0
0,10,2,0,14,85,534,1543,148,0,0,0
0,14,0,0,16,526,8288,4836,115,0,0,0
0,18,0,0,19,22,779,402,42,1,0,0
0,16,0,0,17,1,52,47,0,0,0,0
0,10,0,0,18,108,1045,888,48,0,0,0
0,13,0,0,15,157,963,807,91,0,0,0
0,13,0,0,12,52,1161,1158,97,0,0,0
0,17,0,0,6,15,832,261,35,0,0,0
0,17,4,0,13,29,380,656,43,0,0,0
0,17,4,0,14,97,119,84,0,0,0,0
0,11,0,0,17,117,250,273,143,0,0,0
0,16,0,1,17,19,1214,609,67,0,0,0
0,13,0,0,7,73,682,696,36,0,0,0
0,9,2,0,3,24,746,998,0,0,0,0
0,14,0,0,16,91,475,382,74,1,0,0
0,13,0,0,17,234,1942,158,20,1,0,0
0,10,2,0,18,12,276,431,0,0,0,0
0,6,0,1,7,11,390,464,76,0,0,0
0,6,0,0,16,116,254,404,86,0,0,0
0,15,0,0,25,120,2811,1863,115,0,0,0
0,9,0,0,0,17,149,143,0,0,0,0
0,10,0,0,6,0,269,1097,26,0,0,0
0,13,0,0,14,869,7025,426,129,0,0,0
0,16,1,1,29,20,403,387,0,0,0,0
0,17,0,1,8,205,4214,1007,121,0,0,0
0,19,0,1,19,343,909,4,72,0,0,0
0,17,0,0,18,2,458,699,84,1,0,0
0,9,0,0,9,368,1269,724,140,1,0,0
0,11,0,1,17,20,333,320,0,0,0,0
0,8,0,0,16,30,3160,58,16,1,0,0
0,19,0,1,0,193,1872,654,52,0,0,0
0,19,0,0,19,415,11708,1271,139,0,0,0
0,22,0,0,21,553,3091,1952,150,1,0,0
0,10,0,0,37,795,10711,1832,90,0,0,0
0,14,0,1,17,148,426,365,0,0,0,0
0,8,0,0,8,236,12729,4585,78,1,0,0
0,10,0,0,11,38,82,133,30,0,0,0
0,11,0,0,24,78,3716,6675,122,1,0,0
0,9,4,0,16,27,316,76,0,1,0,0
0,23,0,0,0,1,7044,393,72,0,0,0
0,16,0,0,16,936,22881,884,124,0,0,0
0,19,0,0,18,126,672,98,98,1,0,0
0,15,0,1,0,935,11661,532,25,0,0,0
0,5,0,0,5,667,8226,27,147,1,0,0
0,12,0,0,13,125,9321,1438,67,0,0,0
0,17,0,0,17,60,1128,2672,1,1,0,0
0,18,0,1,18,288,3464,1169,97,0,0,0
0,11,0,0,8,2,136,2288,62,0,0,0
0,22,0,0,20,209,370,489,51,0,0,0
0,7,0,0,20,359,2762,1689,119,1,0,0
0,14,0,0,14,94,2540,1375,76,0,0,0
0,14,1,0,12,2,107,437,0,0,0,0
0,8,1,0,17,7,573,489,11,0,0,0
0,12,0,0,12,36,153,702,0,0,0,0
0,25,0,0,29,83,2994,2275,122,1,0,0
0,9,0,0,12,238,60983,240,0,0,0,0
0,14,3,0,15,47,297,179,59,1,0,0
0,14,0,1,14,469,2935,1384,146,0,0,0
0,14,0,1,14,174,175,264,0,0,0,0
0,6,2,1,19,5,220,760,35,0,0,0
0,13,0,0,13,57,151,57,91,0,0,0
0,9,0,1,4,0,273,36,45,0,0,0
0,9,0,0,9,1077,11363,12,119,0,0,0
0,14,2,0,17,48,448,224,90,0,0,0
0,9,0,0,10,1329,9548,2483,133,0,0,0
0,14,0,0,16,470,6393,445,111,0,0,0
0,16,0,0,23,372,19317,27,89,1,0,0
0,13,0,0,6,7,1111,809,36,0,0,0
0,15,2,1,15,97,712,938,150,0,0,0
0,6,1,0,10,11,3272,496,38,0,0,0
0,9,3,0,14,3,901,7336,29,0,0,0
0,18,0,1,18,58,509,636,50,0,0,0
0,8,3,0,15,31,610,754,9,0,0,0
0,11,0,0,16,50,468,895,4,0,0,0
0,11,1,0,10,16,5293,1007,138,1,0,0
0,9,0,0,13,2,280,670,10,0,0,0
0,10,3,0,13,5,95,92,0,0,0,0
0,6,0,0,23,1807,23348,1046,113,1,0,0
0,16,4,0,14,633,35574,5,117,0,0,0
0,22,0,0,23,135,18573,1993,104,1,0,0
0,14,0,0,16,21,18175,151,137,1,0,0
0,15,0,0,30,759,122275,3222,106,0,0,0
0,13,0,0,28,416,136778,217,141,0,0,0
0,14,0,0,15,7,54,42,0,0,0,0
0,14,0,1,6,21,79,455,30,0,0,0
0,6,0,0,18,1020,27126,1846,123,0,0,0
0,12,4,0,26,184,814,195,111,1,0,0
0,11,0,0,11,297,32324,1488,41,1,0,0
0,14,0,0,20,84,1027,36,149,1,0,0
0,10,0,0,20,1090,1543,236,147,0,0,0
0,10,2,1,18,61,603,1054,67,0,0,0
0,16,0,0,28,124,6391,59,147,1,0,0
0,13,4,1,13,6,4674,1623,76,0,0,0
0,8,0,0,10,4,1447,828,108,0,0,0
0,11,0,0,18,47,429,1346,90,0,0,0
0,11,0,0,16,103,910,3026,31,1,0,0
0,7,1,1,4,14,119,291,0,0,0,0
0,19,0,0,17,29,1656,317,146,1,0,0
0,10,0,1,14,25,9573,324,41,0,0,0
0,10,0,0,4,124,708,680,69,0,0,0
0,10,0,1,22,137,843,2980,92,0,0,0
0,9,0,0,12,52,586,850,66,0,0,0
0,9,2,0,16,1,318,451,56,0,0,0
0,15,0,1,15,21,1078,2953,48,0,0,0
0,14,0,0,22,24,554,551,146,1,0,0
0,13,0,0,10,156,301,467,0,0,0,0
0,11,0,1,14,87,337,130,0,0,0,0
0,10,1,1,6,217,830,991,117,0,0,0
0,15,0,0,3,2,24,35,0,0,0,0
1,15,0,0,10,0,64,947,0,0,0,0
0,20,0,0,16,43,909,592,70,1,0,0
0,10,0,1,2,3,3355,36,15,0,0,0
0,16,0,0,17,23,315,516,16,0,0,0
0,18,0,0,18,21,195,740,148,1,0,0
0,12,0,0,7,4,138,132,0,0,0,0
0,11,0,0,11,31,467,722,27,0,0,0
0,12,0,0,5,28,9326,658,85,0,0,0
0,9,2,0,10,8,677,4906,0,1,0,0
0,9,0,0,16,9,1409,487,17,0,0,0
0,13,0,1,18,4,154,150,44,0,0,0
0,11,0,0,12,390,670,1056,114,0,0,0
0,13,0,0,27,1,743,625,147,1,0,0
0,14,2,0,14,3,2665,53,138,0,0,0
0,16,0,0,41,320,334,76,122,0,0,0
0,9,4,1,4,0,1052,846,44,0,0,0
0,13,0,0,20,210,3080,81,138,1,0,0
0,16,0,0,29,93,16053,1389,108,0,0,0
0,17,0,0,0,79,357,297,0,0,0,0
0,9,0,1,13,4,125,150,0,0,0,0
0,9,0,1,17,49,602,714,114,0,0,0
0,16,2,0,0,6,2106,588,105,0,0,0
0,10,2,1,17,0,156,144,86,0,0,0
0,7,3,0,9,49,231,1001,0,0,0,0
0,13,0,0,13,28,1057,1310,0,0,0,0
0,21,0,1,14,24,226,705,0,0,0,0
0,7,0,0,11,3104,5360,557,141,0,0,0
0,18,0,0,19,799,113390,2132,135,1,0,0
0,30,0,0,20,275,3741,1201,96,0,0,0
0,19,0,1,22,287,26198,1,148,0,0,0
0,12,0,1,13,300,212,785,0,0,0,0
0,15,0,0,17,2,3161,1513,63,0,0,0
0,8,0,0,15,191,720,598,79,0,0,0
0,16,0,1,21,241,4226,200,0,0,0,0
0,10,2,0,19,13,100,160,67,0,0,0
0,12,0,0,21,1,5859,5781,34,1,0,0
0,13,0,1,16,42,394,588,2,0,0,0
0,16,0,0,26,574,2374,367,150,0,0,0
0,14,0,0,19,795,17379,6339,150,0,0,0
0,10,1,1,6,13,214,1127,74,0,0,0
0,13,2,1,14,35,422,2217,148,0,0,0
0,8,0,1,15,194,1568,518,17,0,0,0
0,16,2,0,15,1785,1007,6316,118,0,0,0
0,16,0,0,27,576,3495,327,139,0,0,0
0,15,0,0,13,0,301,402,7,0,0,0
0,14,0,0,14,18,698,798,120,0,0,0
0,11,2,1,21,74,354,640,120,0,0,0
0,11,2,1,18,29,279,1219,150,0,0,0
0,9,2,0,17,0,483,472,98,0,0,0
0,11,0,0,12,11035,9671,603,146,1,0,0
0,11,0,0,13,10,847,914,24,0,0,0
0,12,0,1,9,317,1078,162,5,0,0,0
0,9,0,0,23,2637,14859,213,145,1,0,0
0,11,1,1,13,4,113,584,0,0,0,0
0,12,0,1,8,6,229,726,85,0,0,0
0,12,0,1,8,1,10226,55,52,0,0,0
0,19,0,0,22,13,85,212,31,1,0,0
0,18,0,1,7,45,4078,2249,5,0,0,0
0,17,0,1,18,8,131,347,98,0,0,0
0,17,0,0,19,74,314,481,71,1,0,0
0,13,0,0,0,74,12087,45,44,0,0,0
0,9,0,1,9,0,315,2748,128,0,0,0
0,7,0,0,16,18,100,175,0,0,0,0
0,12,0,0,30,735,2894,1031,13,1,0,0
1,14,2,0,13,0,5,5,0,0,0,0
0,13,0,0,13,612,2451,100,127,1,0,0
0,15,2,0,13,24,286,4807,93,1,0,0
0,11,0,0,9,189,3407,1959,138,0,0,0
0,17,0,1,18,796,1349,1835,150,0,0,0
0,13,0,1,27,0,281,233,107,0,0,0
0,10,2,1,12,74,1341,2227,121,0,0,0
0,8,0,0,15,33,484,142,111,0,0,0
0,13,0,0,13,65,375,988,100,0,0,0
0,10,2,0,15,55,192,411,0,0,0,0
0,17,0,0,22,0,562,368,0,1,0,0
0,15,0,0,25,70,7427,931,127,1,0,0
0,13,0,0,13,15,246,363,0,0,0,0
0,8,4,0,18,29,307,291,146,0,0,0
0,16,0,1,5,3,1099,767,9,0,0,0
0,15,0,1,15,27,439,1579,0,0,0,0
0,21,2,1,18,9,102,419,110,0,0,0
0,20,0,0,22,1140,6434,1127,72,1,0,0
0,18,0,1,18,8,226,426,8,0,0,0
0,9,0,0,10,45,902,2308,81,0,0,0
0,16,0,0,15,14,417,1868,107,0,0,0
1,15,2,1,14,4,82,157,16,0,0,0
0,13,2,1,10,240,112,238,148,0,0,0
0,10,0,0,11,87,296,96,103,1,0,0
0,11,0,0,16,0,300,386,0,0,0,0
0,8,0,1,15,250,699,974,34,0,0,0
0,17,0,0,12,1,30,76,0,0,0,0
0,12,0,1,14,29,119,298,85,0,0,0
0,13,2,0,19,10,310,685,0,0,0,0
0,15,0,0,16,8,535,498,0,0,0,0
0,14,0,1,16,14,152,358,65,0,0,0
0,16,0,0,10,217,736,829,22,0,0,0
0,6,2,0,17,0,655,752,0,0,0,0
0,11,0,0,12,14,218,358,138,1,0,0
0,15,0,0,15,12,789,1384,96,0,0,0
0,11,0,0,3,12,1114,812,28,0,0,0
0,18,0,0,20,122,2379,7,74,1,0,0
0,14,0,0,15,13,1122,435,0,1,0,0
0,14,0,0,14,36,613,1053,0,0,0,0
0,14,2,0,12,180,2215,811,82,0,0,0
0,16,0,0,17,7,190,125,0,0,0,0
0,8,0,1,7,97,1393,250,107,0,0,0
0,11,3,0,4,2,697,2896,14,1,0,0
0,25,0,0,12,2,311,300,0,0,0,0
0,13,0,0,16,63,294,861,3,0,0,0
0,17,0,0,16,5,214,745,36,1,0,0
0,6,0,0,15,19,573,595,85,1,0,0
0,20,0,0,18,42,763,484,63,1,0,0
0,18,0,0,18,85,1437,2417,117,0,0,0
0,15,0,0,17,56,172,107,0,0,0,0
0,24,2,0,20,12,1026,1914,0,0,0,0
0,16,0,0,17,192,410,1229,0,0,0,0
0,12,0,0,3,5,823,975,29,0,0,0
0,12,0,0,17,20,155,472,0,0,0,0
0,15,0,0,16,179,952,715,25,1,0,0
0,11,2,0,15,6,523,395,62,0,0,0
0,10,0,0,14,24,851,839,69,1,0,0
0,13,4,0,14,165,428,632,0,0,0,0
0,16,0,0,15,57,572,1125,99,1,0,0
0,11,2,0,19,15,206,145,0,0,0,0
0,14,4,0,14,0,61,11,0,0,0,0
0,17,0,0,15,333,4887,534,148,1,0,0
0,16,0,0,16,8,54,288,0,0,0,0
0,19,0,0,7,11,1019,514,0,0,0,0
0,11,2,0,8,3,297,444,59,0,0,0
0,18,0,0,6,13,556,447,0,1,0,0
0,7,0,0,1,11,825,619,0,1,0,0
0,12,0,1,27,476,485,193,144,0,0,0
0,16,0,1,8,23,224,173,87,0,0,0
0,8,0,0,16,75,402,2773,64,1,0,0
0,6,0,0,17,0,4917,901,1,0,0,0
0,17,0,0,13,2,971,808,0,0,0,0
0,13,0,0,14,4,369,890,13,0,0,0
0,13,0,0,14,0,895,149,0,0,0,0
1,17,0,0,17,0,15,2,0,0,0,0
0,16,4,0,12,88,233,544,136,0,0,0
0,13,0,0,19,189,803,1264,150,0,0,0
0,11,2,1,11,779,428,1590,95,0,0,0
0,23,0,1,9,53,563,874,102,0,0,0
0,18,0,0,20,1,128,161,0,0,0,0
0,13,0,0,14,57,291,301,96,0,0,0
0,11,0,1,5,38,439,422,9,0,0,0
0,14,0,0,14,626,2357,1827,119,0,0,0
0,9,0,0,13,3,1337,498,73,0,0,0
0,16,0,0,4,37,332,425,59,0,0,0
0,9,4,1,17,15,117,127,0,0,0,0
0,11,0,0,0,23,2409,723,0,0,0,0
0,15,0,0,0,32,1631,994,2,1,0,0
0,11,0,1,16,11,1027,662,8,0,0,0
0,12,0,0,15,11,892,993,35,0,0,0
0,9,0,0,27,60,17342,3029,148,0,0,0
0,10,0,1,13,38,2917,738,111,0,0,0
0,21,0,0,22,154,859,422,53,0,0,0
0,10,2,1,11,0,210,722,56,0,0,0
0,10,0,1,6,27,382,319,122,0,0,0
0,11,0,1,8,11,639,2689,14,0,0,0
0,8,0,1,12,11,507,541,30,0,0,0
0,13,2,0,7,28,1116,7413,19,0,0,0
0,7,2,0,15,173,81,230,114,0,0,0
0,7,0,0,19,205,637,1129,114,0,0,0
0,11,0,1,12,584,1310,1340,52,0,0,0
0,10,0,0,12,5,284,310,98,0,0,0
0,10,0,0,11,37,1235,139,147,1,0,0
0,13,2,1,20,56,332,769,62,0,0,0
0,13,0,1,14,12,200,364,68,0,0,0
0,11,0,1,0,0,440,128,0,0,0,0
0,12,1,0,6,6,1233,4262,0,1,0,0
0,11,2,0,22,1160,3081,1490,44,0,0,0
0,27,0,0,7,22,190,669,148,1,0,0
0,16,0,0,16,134,6715,223,33,0,0,0
0,18,0,1,19,1,41,47,0,0,0,0
0,13,0,0,14,1344,46040,328,147,0,0,0
0,12,0,1,17,75,1495,1086,28,0,0,0
0,12,2,0,10,1,183,166,0,1,0,0
0,13,0,0,12,78,3283,4946,33,1,0,0
0,13,0,1,13,37,176,372,45,0,0,0
0,10,0,0,10,0,57,294,0,1,0,0
0,14,2,1,23,364,385,919,70,0,0,0
0,11,2,1,0,0,263,1005,0,0,0,0
0,16,2,0,15,40,531,497,25,0,0,0
0,14,0,1,14,10,572,458,14,0,0,0
0,13,0,1,14,3,113,295,0,0,0,0
0,12,4,0,18,37,130,155,0,0,0,0
0,14,0,0,23,286,1563,2294,71,0,0,0
0,18,0,1,0,113,505,386,104,0,0,0
0,14,0,1,0,38,304,465,118,0,0,0
0,16,0,0,16,2,187,182,0,0,0,0
0,11,0,0,19,43,2360,1637,82,1,0,0
0,22,0,1,11,34,1334,4610,43,0,0,0
0,10,3,0,0,8,2083,7452,0,0,0,0
0,16,2,1,13,13,550,733,3,0,0,0
0,12,0,0,14,32,437,194,145,1,0,0
0,11,0,0,21,474,975,3996,124,0,0,0
0,15,0,0,4,190,419,2419,138,0,0,0
0,12,4,1,15,2,201,231,0,0,0,0
0,15,2,0,12,4,310,294,0,0,0,0
0,13,0,1,14,10,299,654,10,0,0,0
0,16,0,1,8,55,1313,217,18,0,0,0
0,15,0,1,17,2,202,409,0,0,0,0
0,16,0,1,18,22,986,808,69,0,0,0
0,11,0,1,20,54,810,806,35,0,0,0
0,17,0,1,15,20,86,73,144,0,0,0
0,8,0,0,18,5,135,372,0,0,0,0
0,10,2,1,19,0,58,25,0,0,0,0
0,13,0,1,14,39,362,808,0,0,0,0
0,11,6,1,12,191,499,845,66,0,0,0
0,13,0,0,12,25,1332,299,98,0,0,0
0,8,0,0,8,80,244,241,24,0,0,0
0,11,0,0,11,2,1206,880,0,0,0,0
0,17,0,0,12,71,584,2199,115,1,0,0
0,19,0,0,20,864,1348,5753,139,1,0,0
0,6,0,0,17,24,548,314,0,0,0,0
0,7,1,0,4,12,512,2604,0,1,0,0
0,15,0,0,22,221,539,533,0,0,0,0
0,12,0,0,11,29,243,186,0,0,0,0
0,15,0,0,15,2,894,827,0,0,0,0
0,18,0,0,18,2,89,25,0,0,0,0
0,16,0,0,17,5,264,332,0,0,0,0
0,9,2,1,9,4,64,18,58,0,0,0
0,20,2,0,28,19,1165,3438,0,0,0,0
0,20,0,0,10,18,2068,7496,67,1,0,0
0,17,0,0,17,36,633,846,84,1,0,0
0,16,3,0,20,77,633,2016,142,0,0,0
0,10,0,1,17,818,1916,521,62,0,0,0
0,9,2,1,5,387,519,690,39,0,0,0
0,14,0,0,15,198,728,1280,0,0,0,0
0,11,2,1,12,473,207,658,27,0,0,0
0,17,2,0,15,14,2322,7533,102,1,0,0
0,12,0,0,12,178,600,6802,0,1,0,0
0,10,0,1,16,1,815,1024,0,0,0,0
0,11,0,0,17,3,617,879,0,0,0,0
0,15,0,0,14,70,665,1414,150,0,0,0
0,6,0,1,6,68,792,1021,29,0,0,0
0,8,0,0,15,80,228,566,40,1,0,0
0,12,0,0,16,115,579,594,81,1,0,0
0,11,0,0,11,45,257,564,98,0,0,0
1,11,0,0,12,0,34,98,0,0,0,0
0,8,2,0,16,30,195,329,0,0,0,0
0,18,0,1,0,0,294,546,0,0,0,0
0,13,0,0,14,16,184,390,0,0,0,0
0,13,0,1,0,30,382,288,34,0,0,0
0,18,0,1,18,0,125,402,0,0,0,0
0,19,0,0,18,111,419,562,101,1,0,0
0,7,0,1,7,44,353,1215,0,0,0,0
0,10,1,0,18,23,408,433,84,0,0,0
0,10,0,0,13,115,794,1150,149,1,0,0
0,7,0,1,20,403,410,574,76,0,0,0
0,13,2,1,12,77,465,552,0,0,0,0
0,12,0,1,13,14,896,823,87,0,0,0
0,15,0,0,15,120,5768,2636,144,0,0,0
0,8,2,0,17,130,415,3273,94,0,0,0
0,8,0,0,5,90,211,379,13,0,0,0
0,10,0,0,17,3,0,0,27,0,0,0
0,16,0,0,16,19,558,427,102,0,0,0
0,12,4,0,16,97,867,877,150,0,0,0
0,14,0,1,15,215,765,941,69,0,0,0
0,11,3,1,20,23,354,701,0,0,0,0
0,12,1,0,9,65,380,379,11,0,0,0
0,8,0,0,18,117,518,1165,101,0,0,0
0,16,0,0,5,42,613,511,52,1,0,0
0,13,0,1,13,0,173,190,1,0,0,0
1,10,4,1,4,0,80,213,0,0,0,0
0,8,0,1,13,39,324,612,110,0,0,0
0,7,4,0,13,132,652,1042,75,0,0,0
0,15,0,1,16,11,493,1629,15,0,0,0
0,12,0,1,16,15,499,810,57,0,0,0
0,13,0,1,14,10,122,350,0,0,0,0
0,13,0,0,14,457,5050,74,149,1,0,0
0,9,0,1,17,40,843,4905,74,0,0,0
0,10,0,1,4,5,410,477,15,0,0,0
0,15,0,1,11,0,42,166,0,0,0,0
0,7,0,0,14,28,272,923,30,0,0,0
0,16,0,0,9,21,519,3804,140,0,0,0
0,9,1,0,15,29,1016,989,2,0,0,0
0,14,0,0,14,118,1385,863,150,0,0,0
0,8,0,0,16,20,1712,1305,0,0,0,0
0,14,2,0,18,18,587,640,9,1,0,0
0,7,0,1,0,11,78,326,44,0,0,0
0,7,0,1,7,91,464,791,72,0,0,0
0,9,0,1,10,6,869146,135,33,0,0,0
0,7,0,1,16,143,280,604,0,0,0,0
0,14,3,0,21,20,257,504,1,0,0,0
0,11,2,1,1,2,730,3005,140,0,0,0
0,10,0,0,17,130,689,975,108,0,0,0
0,21,2,1,19,17,189,156,0,0,0,0
0,14,0,0,13,28,4831,889,29,0,0,0
0,10,4,1,6,9,3486,1229,27,0,0,0
0,17,0,1,18,0,1089,1141,119,0,0,0
0,17,0,1,17,15,341,1016,8,0,0,0
0,25,0,0,14,277,8308,2131,120,1,0,0
0,12,2,1,18,21,673,499,79,0,0,0
0,5,2,0,19,9,876,977,0,0,0,0
0,10,0,1,16,76,197,483,1,0,0,0
0,11,0,1,15,412,197,240,0,0,0,0
0,11,0,0,15,4,552,753,0,0,0,0
0,8,0,1,18,3,298,326,57,0,0,0
0,7,2,1,16,72,198,197,49,0,0,0
0,6,0,0,19,28300,281332322,147,75,1,0,0
0,16,0,0,8,22,109,68,114,0,0,0
0,10,0,0,13,13,638,800,21,0,0,0
0,14,0,1,14,301,1006,1416,144,0,0,0
0,23,0,0,32,316,807,205,109,1,0,0
0,11,2,0,20,311,4210,2786,67,0,0,0
0,12,0,1,23,25,1556,882,2,0,0,0
0,15,0,0,9,10,1754,1058,122,1,0,0
0,11,0,0,14,143,295,256,119,0,0,0
0,12,0,0,8,97,643,423,0,0,0,0
0,11,0,0,16,115,1082,1058,58,0,0,0
0,13,0,0,13,209,981,1079,129,0,0,0
0,15,0,0,28,107,922,508,142,0,0,0
0,11,0,0,49,146,889,509,148,1,0,0
0,15,0,1,14,42,480,873,51,0,0,0
0,18,2,1,17,93,692,3918,110,0,0,0
0,16,0,0,16,99,1237,1853,133,0,0,0
0,13,0,0,15,56,61,45,109,1,0,0
0,7,0,0,16,28,299,323,0,0,0,0
0,11,4,0,25,762,1246,89,68,0,0,0
0,11,0,0,4,118,293,34,102,1,0,0
0,26,0,0,7,3823,336263,761,116,1,0,0
0,6,0,0,24,141,2072,412,75,1,0,0
0,15,0,0,16,942,20071,213,129,1,0,0
0,22,0,0,59,9,283,142,144,0,0,0
0,15,0,1,9,49,1514,1470,38,0,0,0
0,20,2,0,5,14,728,622,62,1,0,0
0,11,0,1,16,103,759,911,81,0,0,0
0,9,0,0,36,48,381,34,150,1,0,0
0,29,0,0,16,49,408,652,51,1,0,0
0,8,0,0,12,741,11733,61,122,1,0,0
0,11,0,0,11,132,760,118,137,1,0,0
0,11,0,0,15,0,312,100,0,0,0,0
0,14,0,0,26,218,1218,115,135,1,0,0
0,9,0,0,10,2039,41016,36,128,1,0,0
0,13,0,0,22,689,13758,571,102,1,0,0
0,17,0,0,17,256,1620,99,106,1,0,0
0,19,0,0,21,375,753,235,100,0,0,0
0,10,0,0,28,22,396,383,137,0,0,0
0,13,0,1,5,229,839,572,24,0,0,0
0,9,0,0,5,17,1936,1116,90,0,0,0
0,19,0,1,29,27,199,440,0,0,0,0
0,12,0,0,16,191,353,290,126,0,0,0
0,17,0,0,16,81,2771,1526,113,0,0,0
0,16,0,0,27,91,2005,1058,103,0,0,0
0,13,0,0,5,174,1698,901,150,0,0,0
0,9,0,0,16,614,879,294,55,0,0,0
0,14,0,0,15,256,1621,4049,100,1,0,0
0,8,0,0,9,38,401,68,106,1,0,0
0,13,0,1,8,102,1058,729,110,0,0,0
0,18,0,0,31,41,248,143,110,1,0,0
0,14,0,0,6,86,772,773,25,0,0,0
0,14,0,0,14,102,885,999,149,1,0,0
0,16,0,0,4,19,186,1045,45,0,0,0
0,14,0,0,14,28,1259,1416,57,0,0,0
0,16,0,1,17,16,1620,1536,51,0,0,0
0,13,0,1,14,16,1071,331,14,0,0,0
0,15,0,1,4,145,946,893,103,0,0,0
0,12,3,0,17,44,352,372,125,0,0,0
0,13,2,1,13,62,331,841,29,0,0,0
0,8,0,0,30,294,23102,460,118,1,0,0
0,10,0,0,11,158,337,610,97,0,0,0
0,19,0,0,0,15,10,2902,0,0,0,1
0,11,4,0,0,15,6,1870,0,0,0,1
0,14,0,0,0,15,31,3024,0,0,0,1
0,12,0,0,0,15,9,2003,0,0,0,1
0,13,0,0,0,15,4,2955,0,0,0,1
0,13,0,1,15,3,92,210,0,0,0,1
0,14,9,0,0,15,2,1773,0,0,0,1
0,14,0,0,0,15,5,2918,0,0,0,1
0,12,3,0,0,15,2,1804,0,0,0,1
0,11,1,0,0,15,4,2943,0,0,0,1
0,14,3,0,0,15,1,1904,0,0,0,1
0,10,2,0,0,15,2,2929,0,0,0,1
0,14,4,0,0,15,8,2935,0,0,0,1
0,13,0,0,0,15,2,2943,0,0,0,1
0,16,0,0,0,15,11,3038,0,0,0,1
0,11,0,0,0,15,8,2217,0,0,0,1
0,11,1,0,0,15,7,2937,0,0,0,1
0,10,3,0,0,15,3,1222,0,0,0,1
0,9,0,0,0,15,5,2978,0,0,0,1
0,10,2,0,0,15,4,3031,0,0,0,1
0,12,0,0,0,15,7,2944,0,0,0,1
0,10,0,0,0,15,9,2975,0,0,0,1
0,12,0,0,0,15,8,3023,0,0,0,1
0,12,0,0,0,15,3,2028,0,0,0,1
0,12,2,0,0,15,4,1896,0,0,0,1
0,10,0,0,0,15,8,1891,0,0,0,1
0,16,0,0,0,15,8,2995,0,0,0,1
0,17,0,0,0,15,5,1884,0,0,0,1
0,13,0,0,0,15,3,2869,0,0,0,1
0,12,0,0,0,15,5,2988,0,0,0,1
0,11,0,0,0,15,4,2302,0,0,0,1
0,8,3,0,0,15,6,2980,0,0,0,1
0,21,0,0,0,15,4,2944,0,0,0,1
0,8,4,0,0,15,4,3013,0,0,0,1
0,9,0,0,0,15,6,2951,0,0,0,1
0,13,0,0,0,15,4,3028,0,0,0,1
0,11,0,0,0,15,5,2932,0,0,0,1
0,13,0,0,0,15,7,2902,0,0,0,1
0,13,0,0,0,15,5,3020,0,0,0,1
0,12,5,0,0,15,3,2999,0,0,0,1
0,11,0,0,0,15,3,3008,0,0,0,1
0,10,3,0,0,15,3,2015,0,0,0,1
0,11,2,0,0,15,8,2929,0,0,0,1
0,19,0,0,0,15,5,2019,0,0,0,1
0,13,0,0,0,15,7,2952,0,0,0,1
0,14,0,0,0,15,1,2965,0,0,0,1
0,12,0,0,0,15,2,3010,0,0,0,1
0,10,6,0,0,15,6,2800,0,0,0,1
0,9,4,0,0,15,5,3000,0,0,0,1
0,10,3,0,0,15,6,2968,0,0,0,1
0,9,0,0,0,15,5,3057,0,0,0,1
0,20,0,0,0,15,10,2980,0,0,0,1
0,9,2,0,0,15,2,1878,0,0,0,1
0,11,0,0,0,15,5,3047,0,0,0,1
0,8,0,0,0,15,3,2055,0,0,0,1
0,13,3,0,0,15,3,2934,0,0,0,1
0,17,0,0,0,15,6,2964,0,0,0,1
0,13,3,0,0,15,5,3025,0,0,0,1
0,16,0,0,0,15,7,3028,0,0,0,1
0,13,2,0,0,15,10,3029,0,0,0,1
0,14,5,0,0,15,3,2869,0,0,0,1
0,25,4,0,0,15,6,2022,0,0,0,1
0,17,0,0,0,15,4,2262,0,0,0,1
0,18,3,0,0,15,1,1954,0,0,0,1
0,10,0,0,0,15,2,2956,0,0,0,1
0,20,3,0,0,15,4,2228,0,0,0,1
0,8,1,0,0,15,1,3001,0,0,0,1
0,15,0,0,0,15,4,2973,0,0,0,1
0,12,0,0,0,15,11,2940,0,0,0,1
0,8,0,0,0,15,3,2885,0,0,0,1
0,12,0,0,0,15,4,2942,0,0,0,1
0,21,6,0,0,15,5,3035,0,0,0,1
0,10,0,0,0,15,4,2951,0,0,0,1
0,10,0,0,0,15,8,2949,0,0,0,1
0,24,3,0,0,15,5,2989,0,0,0,1
0,15,1,0,0,15,6,3002,0,0,0,1
0,12,0,0,0,15,5,2954,0,0,0,1
0,15,3,0,0,15,0,1970,0,0,0,1
0,14,3,0,0,15,0,1142,0,0,0,1
0,11,1,0,0,15,6,2002,0,0,0,1
0,7,3,0,0,15,0,1951,0,0,0,1
0,10,0,0,0,15,0,1955,0,0,0,1
0,14,0,0,0,15,1,1972,0,0,0,1
0,11,0,0,0,15,2,1892,0,0,0,1
0,9,2,0,0,15,2,1963,0,0,0,1
0,16,4,0,0,15,4,1666,0,0,0,1
0,8,0,0,0,15,3,1945,0,0,0,1
0,9,0,0,0,14,3,1973,0,0,0,1
0,11,1,0,0,15,2,1960,0,0,0,1
0,13,0,0,0,15,2,1973,0,0,0,1
0,18,0,0,0,15,6,1948,0,0,0,1
0,13,2,0,0,15,1,1956,0,0,0,1
0,12,0,0,0,15,8,1982,0,0,0,1
0,19,2,0,0,15,6,1970,0,0,0,1
0,11,4,0,0,15,1,1964,0,0,0,1
0,10,0,0,0,15,2,1970,0,0,0,1
0,17,0,0,0,15,4,1964,0,0,0,1
0,13,0,0,0,15,9,2093,0,0,0,1
0,10,3,0,0,16,13,3026,0,0,0,1
0,19,3,1,18,16,0,2762,0,0,0,1
0,17,3,0,0,16,61,3046,0,0,0,1
0,19,3,0,0,16,32,1172,0,0,0,1
0,16,4,0,0,15,0,1087,0,0,0,1
0,11,4,0,0,15,2,1695,0,0,0,1
0,16,0,0,0,15,2,1667,0,0,0,1
0,15,0,0,0,15,2,1697,0,0,0,1
0,13,0,0,0,15,0,1517,0,0,0,1
0,11,0,0,0,15,4,1795,0,0,0,1
0,14,4,0,8,16,16,3031,0,0,0,1
0,13,5,0,4,16,53,3066,16,0,0,1
0,10,0,0,0,15,1,1694,0,0,0,1
0,9,5,0,0,15,1,1671,0,0,0,1
0,15,3,0,0,15,1,2050,0,0,0,1
0,23,0,0,0,15,1,1669,0,0,0,1
0,10,1,0,0,14,6,1809,0,0,0,1
0,18,4,0,0,16,2,2077,0,0,0,1
0,23,7,0,15,17,24,3063,0,0,0,1
0,21,0,0,0,16,9,2090,0,0,0,1
0,15,0,0,0,15,2,2068,0,0,0,1
0,10,3,0,0,15,3,2033,0,0,0,1
0,20,1,0,18,16,3,3005,49,0,0,1
0,7,2,0,0,15,2,2131,0,0,0,1
0,12,4,0,0,16,4,3057,0,0,0,1
0,15,5,0,0,17,29,3207,0,0,0,1
0,11,10,0,12,16,8,3011,0,0,0,1
0,11,0,0,0,15,5,1776,0,0,0,1
0,14,0,0,0,14,3,1711,0,0,0,1
0,11,2,0,0,15,2,1993,0,0,0,1
0,8,1,0,0,15,4,2054,0,0,0,1
0,12,0,0,0,15,3,1094,0,0,0,1
0,17,0,0,0,15,5,1674,0,0,0,1
0,12,2,0,10,16,7,2831,0,0,0,1
0,16,0,0,0,16,16,3017,0,0,0,1
0,9,0,0,0,15,6,2087,0,0,0,1
0,9,1,0,0,16,6,2483,0,0,0,1
0,15,4,0,0,16,3,3049,0,0,0,1
0,15,2,0,16,16,10,3009,0,0,0,1
0,8,2,0,0,16,2,2992,0,0,0,1
0,15,0,0,16,15,4,2112,0,0,0,1
0,10,4,0,5,16,9,3062,0,0,0,1
0,30,0,0,0,7,4,2033,0,0,0,1
0,14,4,0,11,16,6,3080,0,0,0,1
0,13,6,0,5,16,10,3063,0,0,0,1
0,23,16,0,13,16,8,3019,0,0,0,1
0,8,5,0,0,15,3,2131,0,0,0,1
0,11,4,0,8,16,10,3023,0,0,0,1
0,17,6,0,7,16,9,2999,0,0,0,1
0,15,0,0,0,16,6,3016,0,0,0,1
0,13,2,0,9,16,15,3087,0,0,0,1
0,14,5,0,0,16,13,3033,0,0,0,1
0,13,4,0,0,15,5,2055,0,0,0,1
0,10,1,0,10,16,7,3051,0,0,0,1
0,11,0,0,0,15,1,2104,0,0,0,1
0,11,6,0,0,16,10,3031,0,0,0,1
0,20,0,0,0,16,7,2519,0,0,0,1
0,11,4,0,0,15,2,2024,0,0,0,1
0,15,4,0,0,16,5,2528,0,0,0,1
0,9,4,0,13,16,3,2958,0,0,0,1
0,14,2,0,0,15,4,2103,0,0,0,1
0,12,4,0,0,16,11,3041,0,0,0,1
0,8,0,0,0,16,5,2088,0,0,0,1
0,7,2,0,0,16,5,2073,0,0,0,1
0,21,0,0,0,15,3,1709,0,0,0,1
0,12,3,0,0,15,2,2108,0,0,0,1
0,12,2,0,0,16,7,2504,0,0,0,1
0,19,0,0,0,16,8,2523,0,0,0,1
0,15,0,0,0,15,2,2112,0,0,0,1
0,8,3,0,0,16,6,2083,0,0,0,1
0,15,0,0,0,15,1,2063,0,0,0,1
0,11,4,0,0,0,0,0,0,0,0,1
0,18,0,0,0,0,0,0,0,0,0,1
0,17,0,0,0,0,0,0,0,0,0,1
0,13,7,0,0,0,0,0,0,0,0,1
0,11,4,0,0,0,0,0,0,0,0,1
0,10,2,0,0,0,0,0,0,0,0,1
0,11,0,0,0,0,0,0,0,0,0,1
0,16,0,0,0,0,0,0,0,0,0,1
0,11,0,0,0,0,0,0,0,0,0,1
0,9,0,0,0,15,3,2065,0,0,0,1
0,9,2,0,0,0,0,0,0,0,0,1
0,11,2,0,0,0,0,0,0,0,0,1
0,11,4,0,0,0,0,0,0,0,0,1
0,9,2,0,0,0,0,0,0,0,0,1
0,18,0,0,0,0,0,0,0,0,0,1
0,11,0,0,0,0,0,0,0,0,0,1
0,16,0,0,0,0,0,0,0,0,0,1
0,16,2,0,0,0,0,0,0,0,0,1
0,13,0,0,0,0,0,0,0,0,0,1
0,13,3,0,0,0,0,0,0,0,0,1
0,10,0,0,0,15,1,1074,0,0,0,1
0,10,0,0,0,0,0,0,0,0,0,1
0,10,0,0,0,0,0,0,0,0,0,1
0,17,0,0,0,0,0,0,0,0,0,1
0,11,2,0,0,0,0,0,0,0,0,1
0,15,2,0,0,0,0,0,0,0,0,1
0,11,3,0,0,0,0,0,0,0,0,1
0,10,0,0,0,0,0,0,0,0,0,1
0,11,0,0,0,15,9,3028,0,0,0,1
0,12,3,0,0,0,0,0,0,0,0,1
0,19,0,0,0,15,11,3791,0,0,0,1
0,13,0,0,0,0,0,0,0,0,0,1
0,12,0,0,0,0,0,0,0,0,0,1
0,12,2,0,0,0,0,0,0,0,0,1
0,9,0,0,0,0,0,0,0,0,0,1
0,9,0,0,0,0,0,0,0,0,0,1
0,9,0,0,0,0,0,0,0,0,0,1
0,9,0,0,0,0,0,0,0,0,0,1
0,14,0,0,0,0,0,0,0,0,0,1
0,13,4,0,0,15,7,3842,0,0,0,1
0,18,3,0,0,0,0,0,0,0,0,1
0,9,1,0,0,0,0,0,0,0,0,1
0,9,0,0,0,0,0,0,0,0,0,1
0,15,0,0,0,0,0,0,0,0,0,1
0,10,0,0,0,0,0,0,0,0,0,1
0,12,0,0,0,0,0,0,0,0,0,1
0,11,0,0,0,15,9,3010,0,0,0,1
0,10,4,0,0,0,0,0,0,0,0,1
0,14,2,0,0,0,0,0,0,0,0,1
0,11,3,0,0,15,6,3857,0,0,0,1
0,16,0,0,0,15,4,3094,0,0,0,1
0,13,0,0,0,0,0,0,0,0,0,1
0,11,4,0,0,0,0,0,0,0,0,1
0,13,0,0,0,15,4,2973,0,0,0,1
0,12,0,0,0,0,0,0,0,0,0,1
0,11,0,0,0,15,5,3793,0,0,0,1
0,15,3,0,0,15,4,3717,0,0,0,1
0,9,0,0,0,15,5,3033,0,0,0,1
0,12,0,0,0,15,4,3045,0,0,0,1
0,13,0,0,0,0,0,0,0,0,0,1
0,7,0,0,0,0,0,0,0,0,0,1
0,10,0,0,0,0,0,0,0,0,0,1
0,12,8,0,0,15,3,3838,0,0,0,1
0,17,0,0,0,0,0,0,0,0,0,1
0,11,0,0,0,0,0,0,0,0,0,1
0,6,0,0,0,0,0,0,0,0,0,1
0,15,3,0,0,0,0,0,0,0,0,1
0,15,0,0,0,0,0,0,0,0,0,1
0,14,5,0,0,0,0,0,0,0,0,1
0,13,0,0,0,0,0,0,0,0,0,1
0,11,0,0,0,0,0,0,0,0,0,1
0,13,4,0,0,0,0,0,0,0,0,1
0,16,2,0,0,0,0,0,0,0,0,1
0,15,4,0,0,0,0,0,0,0,0,1
0,10,5,0,0,0,0,0,0,0,0,1
0,15,3,0,0,0,0,0,0,0,0,1
0,11,4,0,0,0,0,0,0,0,0,1
0,9,0,0,0,0,0,0,0,0,0,1
0,16,0,0,0,15,10,3568,0,0,0,1
0,12,0,0,0,15,5,3862,0,0,0,1
0,21,0,0,0,15,7,3795,0,0,0,1
0,14,0,0,0,0,0,0,0,0,0,1
0,16,0,0,0,0,0,0,0,0,0,1
0,17,0,0,0,0,0,0,0,0,0,1
0,10,0,0,0,0,0,0,0,0,0,1
0,15,2,0,0,0,0,0,0,0,0,1
0,14,0,0,0,0,0,0,0,0,0,1
0,15,0,0,0,0,0,0,0,0,0,1
0,8,0,0,0,0,0,0,0,0,0,1
0,23,0,0,0,0,0,0,0,0,0,1
0,15,2,0,0,0,0,0,0,0,0,1
0,22,3,0,0,0,0,0,0,0,0,1
0,9,2,0,0,0,0,0,0,0,0,1
0,12,2,0,0,0,0,0,0,0,0,1
0,15,4,0,0,0,0,0,0,0,0,1
0,11,0,0,0,0,0,0,0,0,0,1
0,13,0,0,0,0,0,0,0,0,0,1
0,18,0,0,0,0,0,0,0,0,0,1
0,7,0,0,0,0,0,0,0,0,0,1
0,11,0,0,0,0,0,0,0,0,0,1
0,10,0,0,0,0,0,0,0,0,0,1
0,16,0,0,0,0,0,0,0,0,0,1
0,12,0,0,0,0,0,0,0,0,0,1
0,14,0,0,0,0,0,0,0,0,0,1
0,8,0,0,0,0,0,0,0,0,0,1
0,10,0,0,0,0,0,0,0,0,0,1
0,12,0,0,0,0,0,0,0,0,0,1
0,7,0,0,0,0,0,0,0,0,0,1
0,16,0,0,0,0,0,0,0,0,0,1
0,16,0,0,0,0,0,0,0,0,0,1
0,8,0,0,0,0,0,0,0,0,0,1
0,16,0,0,0,0,0,0,0,0,0,1
0,8,0,0,0,0,0,0,0,0,0,1
0,12,0,0,0,0,0,0,0,0,0,1
0,9,0,0,0,0,0,0,0,0,0,1
0,10,2,0,0,0,0,0,0,0,0,1
0,16,2,0,0,0,0,0,0,0,0,1
0,14,0,0,0,0,0,0,0,0,0,1
0,15,0,0,0,0,0,0,0,0,0,1
0,12,0,0,0,0,0,0,0,0,0,1
0,24,0,0,0,0,0,0,0,0,0,1
0,7,0,0,0,0,0,0,0,0,0,1
0,21,2,0,0,0,0,0,0,0,0,1
0,16,0,0,0,0,0,0,0,0,0,1
0,13,4,0,0,0,0,0,0,0,0,1
0,14,3,0,0,15,3,1025,0,0,0,1
0,15,0,0,0,15,1,948,0,0,0,1
0,11,3,0,9,3,6,767,0,0,0,1
0,11,4,0,0,15,1,722,0,0,0,1
0,18,0,0,16,15,4,709,41,0,0,1
0,13,6,0,6,15,1,703,0,0,0,1
1,13,3,0,6,0,2,944,0,0,0,1
0,11,2,0,11,15,0,544,0,0,0,1
0,13,6,0,0,12,0,573,0,0,0,1
0,9,3,0,0,15,1,1017,0,0,0,1
0,10,0,0,13,15,4,1194,0,0,0,1
0,12,4,0,0,15,0,755,0,0,0,1
0,16,5,0,12,15,75,702,0,0,0,1
0,12,1,0,12,15,1,589,0,0,0,1
0,13,4,0,0,15,4,565,0,0,0,1
0,12,0,0,14,15,3,586,0,0,0,1
0,11,0,0,12,15,52,724,0,0,0,1
0,18,3,0,12,15,27,990,0,0,0,1
0,9,4,0,11,15,113,565,0,0,0,1
0,13,4,0,10,15,1,594,0,0,0,1
0,10,0,0,10,14,2,1005,0,0,0,1
0,15,3,0,11,15,46,580,0,0,0,1
0,9,3,0,0,15,2,1004,0,0,0,1
0,10,3,0,7,15,56,52,0,0,0,1
0,22,0,0,0,15,7,788,0,0,0,1
0,15,4,0,10,15,50,732,0,0,0,1
0,11,6,0,3,15,8,708,4,0,0,1
0,9,7,0,14,16,7,710,0,0,0,1
0,10,3,0,0,15,2,552,0,0,0,1
0,13,0,0,13,15,20,635,0,0,0,1
0,13,8,0,16,15,8,751,0,0,0,1
0,16,3,0,14,15,75,779,0,0,0,1
0,13,0,0,16,15,6,1060,0,0,0,1
0,13,7,0,10,15,5,1092,0,0,0,1
0,14,4,0,10,15,4,571,0,0,0,1
1,12,0,0,13,0,3,894,0,0,0,1
0,11,4,0,11,15,22,1094,0,0,0,1
0,18,0,0,0,15,0,535,0,0,0,1
0,9,3,0,0,15,3,632,0,0,0,1
0,14,3,0,9,16,37,1134,19,0,0,1
0,11,4,0,6,15,10,987,0,0,0,1
0,11,4,1,0,15,0,792,0,0,0,1
0,12,6,1,0,16,0,40,0,0,0,1
0,10,0,0,7,15,55,1049,0,0,0,1
0,14,4,0,11,15,0,652,0,0,0,1
0,12,2,0,20,15,1,599,0,0,0,1
0,11,4,1,0,15,0,845,0,0,0,1
0,15,0,0,0,15,2,622,0,0,0,1
0,11,0,0,0,15,0,161,0,0,0,1
0,11,4,0,0,15,8,633,0,0,0,1
0,16,0,0,0,15,1,1079,0,0,0,1
0,11,3,0,9,16,55,1328,0,0,0,1
0,12,3,0,12,15,55,1119,0,0,0,1
0,11,4,0,8,15,33,1146,0,0,0,1
0,17,4,0,14,16,9,1123,0,0,0,1
0,10,3,0,11,14,34,562,0,0,0,1
0,20,4,0,17,15,13,656,0,0,0,1
0,11,4,0,0,15,80,614,0,0,0,1
0,17,0,1,17,0,0,0,0,0,0,1
0,13,2,0,0,15,50,666,0,0,0,1
0,14,4,0,0,15,0,1210,11,0,0,1
0,15,3,1,0,15,0,806,89,0,0,1
0,17,7,0,0,15,3,385,0,0,0,1
0,15,2,1,0,15,0,627,0,0,0,1
0,12,5,1,0,15,0,654,0,0,0,1
0,10,4,0,7,15,47,1084,0,0,0,1
0,9,3,0,0,15,2,767,0,0,0,1
0,12,4,0,0,15,6,1249,0,0,0,1
0,13,2,0,0,15,68,1300,0,0,0,1
0,9,1,0,0,15,1,1259,25,0,0,1
0,11,4,1,10,15,0,1293,0,0,0,1
0,12,2,0,0,0,0,0,0,0,0,1
0,14,1,0,15,15,50,1258,0,0,0,1
0,16,2,0,6,0,140,2071,0,0,0,1
0,15,0,0,4,0,0,0,0,0,0,1
0,12,0,0,0,15,1,1262,0,0,0,1
0,11,0,1,0,15,0,1282,0,0,0,1
0,15,2,1,0,15,0,1261,0,0,0,1
0,12,3,1,14,15,0,1256,0,0,0,1
0,11,5,1,11,15,0,1260,0,0,0,1
0,11,4,1,0,15,0,546,0,0,0,1
0,14,0,1,0,0,0,0,0,0,0,1
0,15,2,1,0,15,0,1254,0,0,0,1
0,16,2,1,0,0,0,0,0,0,0,1
0,11,4,1,0,15,0,1260,0,0,0,1
0,11,4,1,0,15,0,1259,0,0,0,1
0,14,2,1,7,15,1,579,0,0,0,1
0,14,3,1,0,15,1,1258,8,0,0,1
0,11,3,0,0,15,3,1259,0,0,0,1
0,19,4,1,16,15,23,1259,0,0,0,1
0,13,1,0,0,15,2,1264,0,0,0,1
0,16,3,0,0,15,73,1257,0,0,0,1
0,17,3,0,12,15,14,606,0,0,0,1
0,14,2,1,0,15,0,1257,0,0,0,1
0,13,3,1,12,15,1,1267,0,0,0,1
0,12,2,1,15,15,8,1275,0,0,0,1
0,16,0,0,0,15,5,2553,0,0,0,1
0,12,3,1,0,0,0,0,0,0,0,1
0,11,4,0,0,15,43,1262,0,0,0,1
0,13,0,1,11,15,6,1281,0,0,0,1
0,14,4,1,10,0,0,0,0,0,0,1
0,8,1,0,0,15,1,283,0,0,0,1
0,12,0,0,12,15,28,313,0,0,0,1
0,14,0,0,15,193,255,868,0,0,0,1
0,10,2,0,5,15,0,260,0,0,0,1
0,9,2,0,4,18,15,290,0,0,0,1
0,14,2,0,4,15,2,285,0,0,0,1
0,16,0,0,0,15,113,265,19,0,0,1
0,11,3,0,0,15,2,254,0,0,0,1
0,17,8,0,0,15,0,262,0,0,0,1
0,13,2,0,0,18,1,256,0,0,0,1
0,14,4,0,11,15,73,268,0,0,0,1
0,18,7,0,11,16,1,283,0,0,0,1
0,16,5,0,0,15,2,287,0,0,0,1
0,11,1,0,9,20,11,280,0,0,0,1
0,18,4,0,15,64,75,326,0,0,0,1
0,14,1,0,10,15,34,285,4,0,0,1
0,16,10,0,13,15,2,245,0,0,0,1
0,16,8,0,0,15,1,300,0,0,0,1
0,9,2,0,0,15,0,271,0,0,0,1
0,22,2,0,22,15,3,290,0,0,0,1
0,11,2,0,8,15,0,300,0,0,0,1
0,12,0,0,12,15,3,324,0,0,0,1
0,10,4,0,0,15,0,284,0,0,0,1
0,13,4,0,0,15,8,345,0,0,0,1
0,14,0,0,5,15,0,309,0,0,0,1
0,8,3,0,8,15,7,323,0,0,0,1
0,12,3,0,0,15,3,304,0,0,0,1
0,15,0,0,16,13,79,324,0,0,0,1
0,9,0,0,7,15,1,323,0,0,0,1
0,11,4,0,0,15,2,320,0,0,0,1
0,11,2,0,14,15,7,306,0,0,0,1
0,16,4,0,16,15,17,310,0,0,0,1
0,13,2,0,11,15,5,300,0,0,0,1
0,11,4,0,7,15,1,311,0,0,0,1
0,7,0,0,16,15,1,290,0,0,0,1
0,15,4,0,12,15,25,332,0,0,0,1
0,11,4,0,14,15,168,327,0,0,0,1
0,13,4,0,10,15,6,314,0,0,0,1
0,16,8,1,0,15,5,300,0,0,0,1
0,15,4,0,0,15,0,315,0,0,0,1
0,11,2,0,0,15,2,326,0,0,0,1
0,15,4,0,12,15,22,285,26,1,0,1
0,18,5,0,21,15,53,359,11,0,0,1
0,8,1,0,7,15,47,323,0,0,0,1
0,11,0,0,0,15,41,321,87,0,0,1
1,14,3,0,12,0,8,278,0,0,0,1
0,12,4,0,0,15,43,333,0,0,0,1
0,10,6,0,9,15,0,315,0,0,0,1
0,12,4,0,0,15,49,302,0,0,0,1
0,19,10,0,12,10,0,304,0,0,0,1
0,12,0,0,12,15,2,330,0,0,0,1
0,12,4,0,0,15,0,318,0,0,0,1
0,8,0,0,0,15,1,295,0,0,0,1
0,13,4,0,0,15,0,311,0,0,0,1
0,13,3,1,0,15,0,330,0,0,0,1
0,21,0,1,0,15,0,326,0,0,0,1
0,12,4,0,12,15,518,1356,21,0,0,1
0,14,4,0,4,15,22,378,0,0,0,1
0,9,4,0,10,15,46,348,0,0,0,1
0,7,6,0,6,17,52,398,0,0,0,1
0,13,1,0,12,15,5,304,0,0,0,1
0,12,6,0,0,15,2,347,0,0,0,1
0,21,0,0,30,15,1,340,0,0,0,1
0,14,2,1,11,15,0,342,0,0,0,1
0,12,3,0,7,15,45,500,0,0,0,1
0,8,0,1,0,15,0,294,0,0,0,1
0,16,2,0,0,15,5,356,0,0,0,1
0,11,4,0,0,15,0,340,0,0,0,1
0,15,0,1,0,15,0,359,0,0,0,1
0,8,0,0,9,15,3,347,0,0,0,1
0,13,3,0,0,15,15,337,0,0,0,1
0,14,2,1,0,15,0,311,10,0,0,1
0,15,3,0,0,9,25,383,15,0,0,1
0,12,4,1,4,15,0,331,0,0,0,1
0,17,6,0,10,15,10,352,0,0,0,1
0,15,4,0,10,15,14,367,0,0,0,1
0,13,3,0,0,12,1,344,0,0,0,1
0,15,1,0,15,15,7,295,0,0,0,1
0,15,1,1,6,13,0,337,0,0,0,1
0,15,1,1,6,13,0,338,0,0,0,1
0,15,1,1,6,13,0,337,0,0,0,1
0,15,1,1,6,13,0,338,0,0,0,1
0,12,0,0,14,15,191,760,0,0,0,1
0,14,0,0,15,15,5,338,0,0,0,1
0,16,4,0,13,15,8,341,0,0,0,1
0,11,2,0,11,15,12,327,109,0,0,1
0,11,2,0,12,15,0,299,7,0,0,1
0,15,0,0,6,15,5,344,0,0,0,1
0,20,0,0,29,15,0,323,0,0,0,1
0,19,3,0,19,15,5,319,0,0,0,1
0,9,0,0,11,15,2,332,0,0,0,1
0,14,3,0,0,15,211,785,0,0,0,1
0,21,0,0,0,15,2,298,0,0,0,1
0,15,3,1,0,15,0,329,0,0,0,1
0,10,4,0,0,15,0,1238,0,0,0,1
0,17,3,0,14,15,14,347,0,0,0,1
0,13,2,1,0,15,1,324,0,0,0,1
0,10,4,1,0,15,0,336,0,0,0,1
0,11,2,1,0,15,0,429,0,0,0,1
0,10,2,1,16,15,15,344,58,0,0,1
0,14,2,0,19,15,10,351,0,0,0,1
0,9,3,1,0,15,1,319,0,0,0,1
0,13,1,1,12,15,7,375,0,0,0,1
0,21,6,0,12,15,48,1069,104,0,0,1
0,15,3,0,18,49,329,1097,130,0,0,1
0,14,0,0,0,15,0,359,0,0,0,1
0,11,4,0,6,15,0,864,0,0,0,1
0,18,1,0,6,16,78,767,138,0,0,1
0,11,1,0,10,18,0,491,0,0,0,1
1,18,0,0,18,5,17,1165,0,0,0,1
0,10,4,0,10,15,2,560,0,0,0,1
0,12,3,0,0,21,15,96,0,0,0,1
0,11,3,1,10,0,40,232,141,0,0,1
0,12,4,0,9,19,126,1001,0,0,0,1
0,14,0,0,14,16,30,1135,0,0,0,1
0,13,4,0,17,2,60,485,62,0,0,1
0,14,3,0,14,0,49,591,0,0,0,1
0,18,6,0,13,16,8,1126,0,0,0,1
0,12,4,0,11,15,2,493,0,0,0,1
0,13,12,0,11,20,46,1018,0,0,0,1
0,12,3,0,11,16,52,517,0,0,0,1
0,16,0,0,0,15,0,281,0,0,0,1
0,17,3,0,0,7,45,469,0,0,0,1
0,8,0,0,8,15,7,768,0,0,0,1
0,13,4,0,13,18,33,1017,10,0,0,1
0,12,3,0,0,15,0,616,0,0,0,1
0,11,0,0,6,15,21,1009,0,0,0,1
0,13,2,1,11,0,114,1305,17,0,0,1
0,8,6,0,0,15,1,221,0,0,0,1
0,14,4,0,0,15,16,1145,0,0,0,1
0,8,2,1,0,15,0,735,0,0,0,1
0,14,2,0,0,15,2,1000,0,0,0,1
0,13,0,0,7,15,0,237,70,0,0,1
0,9,5,0,9,15,44,232,0,0,0,1
0,8,6,0,2,16,2,486,0,0,0,1
0,15,3,1,0,15,0,737,16,0,0,1
0,12,4,0,0,15,5,1007,0,0,0,1
0,13,1,0,0,15,3,1057,0,0,0,1
0,10,4,0,0,15,40,436,0,0,0,1
0,14,4,0,11,17,19,1140,0,0,0,1
0,9,0,0,13,19,0,1033,56,0,0,1
0,14,2,0,12,15,56,1054,0,0,0,1
0,9,6,0,0,15,1,343,0,0,0,1
0,14,2,0,0,15,3,346,0,0,0,1
0,13,5,0,0,15,0,489,0,0,0,1
0,10,1,0,0,15,0,1033,0,0,0,1
0,11,4,0,7,16,4,1163,0,0,0,1
0,11,4,0,0,15,3,1025,0,0,0,1
0,15,4,0,0,15,1,435,0,0,0,1
0,12,4,0,0,15,0,453,0,0,0,1
0,10,5,1,9,16,0,908,18,0,0,1
0,16,0,1,0,15,0,1145,0,0,0,1
0,22,6,0,0,15,0,134,0,0,0,1
0,26,3,0,13,15,31,1252,0,0,0,1
0,14,3,0,10,15,0,1014,6,0,0,1
0,15,4,0,0,15,3,1015,9,0,0,1
0,20,3,0,20,15,22,436,0,0,0,1
0,13,0,0,14,15,53,410,0,0,0,1
0,19,4,0,13,15,0,321,0,0,0,1
0,12,5,0,8,15,1,533,0,0,0,1
0,13,7,0,12,15,3,1135,0,0,0,1
0,11,4,0,5,15,4,1049,0,0,0,1
0,19,0,0,27,15,1,1029,0,0,0,1
0,9,3,0,7,15,2,1021,0,0,0,1
0,13,2,0,12,15,1,1049,0,0,0,1
0,14,5,0,0,17,0,1033,0,0,0,1
0,11,5,0,0,15,20,1114,0,0,0,1
0,13,2,1,0,15,0,1056,0,0,0,1
0,15,0,1,6,15,0,1133,0,0,0,1
0,14,0,0,14,15,13,793,0,0,0,1
0,12,4,1,0,15,0,809,0,0,0,1
0,13,5,1,0,15,0,963,0,0,0,1
0,9,2,0,8,15,14,430,0,0,0,1
0,13,4,1,0,15,0,1019,0,0,0,1
0,13,5,0,15,16,2,998,0,0,0,1
0,10,4,0,0,16,55,1022,0,0,0,1
0,16,4,1,0,15,0,821,0,0,0,1
0,15,3,1,0,15,0,650,0,0,0,1
0,10,2,0,0,15,20,1040,0,0,0,1
0,14,0,0,6,15,84,1101,0,0,0,1
0,12,6,1,6,15,0,40,50,0,0,1
0,15,4,1,0,11,0,1093,0,0,0,1
0,8,3,1,9,15,0,1025,0,0,0,1
0,13,6,1,13,15,0,1025,0,0,0,1
0,11,3,1,9,15,2,275,0,0,0,1
0,13,2,1,0,15,0,1048,0,0,0,1
0,11,2,1,8,15,0,128,0,0,0,1
0,20,2,1,18,17,83,560,51,0,0,1
0,15,0,0,7,15,44,578,91,0,0,1
0,12,4,1,0,15,0,1112,0,0,0,1
0,11,4,1,0,16,0,749,0,0,0,1
0,11,0,0,0,15,40,717,0,0,0,1
0,10,0,0,10,15,1,641,0,0,0,1
0,19,4,1,0,15,1,734,0,0,0,1
0,19,4,1,0,15,2,180,0,0,0,1
0,24,0,0,0,15,7,3033,0,0,0,1
0,15,0,0,8,17,37,774,143,0,0,1
0,18,6,1,13,15,5,831,0,0,0,1
0,12,4,0,0,16,0,1179,0,0,0,1
0,16,4,1,0,16,19,545,0,0,0,1
0,16,0,1,15,15,1,121,0,0,0,1
0,13,7,1,10,15,0,792,0,0,0,1
0,7,6,0,0,15,1,1064,0,0,0,1
0,9,4,0,13,7,85,508,0,0,0,1
0,11,4,0,12,22,66,504,0,0,0,1
0,16,6,0,14,75,22,475,0,0,0,1
0,12,3,0,10,18,31,208,0,0,0,1
0,12,4,0,18,15,6,1161,24,1,0,1
0,10,2,0,12,18,55,214,12,1,0,1
0,12,6,0,23,15,73,254,0,0,0,1
0,12,4,0,0,16,5,201,0,0,0,1
0,19,4,0,27,17,76,645,58,0,0,1
0,11,7,0,8,15,1,475,0,0,0,1
0,19,4,0,11,17,74,615,0,0,0,1
0,10,4,0,10,16,83,542,0,0,0,1
0,14,9,0,11,16,52,1211,0,0,0,1
0,11,6,0,0,15,1,567,0,0,0,1
0,9,6,0,8,15,50,495,0,0,0,1
0,15,4,0,12,9,68,547,0,0,0,1
0,15,3,0,13,15,0,468,0,0,0,1
0,14,1,0,14,18,2,472,0,0,0,1
0,11,4,0,0,16,1,473,0,0,0,1
0,11,1,0,10,15,40,421,0,0,0,1
0,14,5,0,0,15,1,462,0,0,0,1
0,11,6,0,0,15,2,477,0,0,0,1
0,10,2,0,0,17,4,317,0,0,0,1
0,13,4,0,12,16,114,570,0,0,0,1
0,14,2,0,11,15,26,516,12,0,0,1
0,13,0,0,10,15,1,468,6,0,0,1
0,10,2,0,9,15,50,494,0,0,0,1
0,11,0,0,11,12,102,654,0,0,0,1
0,12,2,0,0,15,1,243,0,0,0,1
0,9,1,0,9,15,42,505,0,0,0,1
0,12,4,0,8,15,4,50,0,0,0,1
0,11,1,0,12,15,38,223,0,0,0,1
0,13,0,0,12,15,42,492,30,0,0,1
0,11,3,0,0,15,50,449,0,0,0,1
0,11,0,0,0,15,9,482,0,0,0,1
0,13,3,0,11,15,6,567,0,0,0,1
0,14,8,0,0,15,10,473,0,0,0,1
0,12,4,0,0,15,20,312,0,0,0,1
0,13,4,1,10,15,0,420,0,0,0,1
0,13,7,1,0,15,0,152,0,0,0,1
0,11,4,0,11,15,35,613,25,0,0,1
0,15,1,0,6,15,1,482,0,0,0,1
0,11,4,0,0,15,20,283,0,0,0,1
0,12,6,0,0,16,3,462,0,0,0,1
0,17,4,1,6,16,0,484,22,0,0,1
0,15,1,1,29,16,0,489,0,0,0,1
0,11,3,1,0,15,6,552,0,0,0,1
0,20,8,1,0,15,0,410,0,0,0,1
0,12,4,0,0,15,0,453,0,0,0,1
0,13,4,0,0,15,10,454,0,0,0,1
0,15,5,0,11,15,0,42,0,0,0,1
0,18,0,0,20,15,12,426,0,0,0,1
0,9,0,1,11,18,7,492,0,0,0,1
0,10,0,0,11,15,34,421,0,0,0,1
0,10,1,0,9,15,17,465,0,0,0,1
0,10,2,0,10,15,27,479,0,0,0,1
0,14,3,0,0,15,7,523,0,0,0,1
0,20,0,0,17,15,1,456,0,0,0,1
0,12,2,0,18,17,1,182,0,0,0,1
0,15,4,1,11,15,0,507,65,0,0,1
0,12,3,0,5,15,14,467,0,0,0,1
0,10,4,0,0,15,2,352,0,0,0,1
0,13,6,0,11,15,50,486,0,0,0,1
0,14,4,1,0,15,0,200,0,0,0,1
0,15,4,1,11,15,0,315,0,0,0,1
0,10,4,1,10,15,0,645,0,0,0,1
0,13,4,0,0,15,1,494,0,0,0,1
0,9,2,1,0,15,0,467,0,0,0,1
0,11,4,0,6,15,4,431,0,0,0,1
0,12,0,0,12,16,15,199,0,0,0,1
0,13,0,0,11,15,47,449,0,0,0,1
0,18,8,0,0,15,45,473,0,0,0,1
0,13,3,0,0,16,4,496,0,0,0,1
0,11,4,0,0,15,2,485,0,0,0,1
0,11,0,0,4,15,2,470,0,0,0,1
0,12,6,0,0,15,1,480,0,0,0,1
0,24,0,0,0,15,49,467,0,0,0,1
0,10,3,0,0,17,2,465,0,0,0,1
0,10,4,0,0,17,29,230,0,0,0,1
0,15,4,1,0,16,0,482,0,0,0,1
0,13,3,1,0,15,0,526,0,0,0,1
0,11,5,1,0,15,0,491,0,0,0,1
0,13,5,1,0,15,1,479,0,0,0,1
0,14,6,0,0,15,2,456,0,0,0,1
0,12,6,1,0,16,0,408,0,0,0,1
0,12,6,0,0,15,6,481,0,0,0,1
0,11,3,0,0,15,23,581,0,0,0,1
0,7,4,1,13,7,109,1981,29,0,0,1
0,6,2,1,6,17,3,1344,6,0,0,1
0,17,2,1,17,15,0,456,0,0,0,1
0,14,3,1,0,15,0,487,0,0,0,1
0,10,4,1,0,15,0,476,0,0,0,1
0,14,4,0,9,15,20,643,0,0,0,1
0,7,1,1,0,16,0,207,0,0,0,1
0,15,0,1,0,16,0,243,0,0,0,1
0,16,4,1,5,16,0,198,0,0,0,1
0,14,4,1,0,15,0,475,0,0,0,1
0,11,1,1,0,15,1,510,0,0,0,1
0,15,2,0,0,10,87,154,67,0,1,1
0,9,3,1,10,10,51,446,0,0,0,1
0,11,0,0,17,9,142,439,0,0,0,1
0,16,4,0,13,246,496,1582,13,0,0,1
0,11,4,0,11,77,228,1086,0,0,0,1
0,10,4,0,9,298,410,1040,0,0,0,1
0,8,4,0,0,15,2,2062,0,0,0,1
0,12,4,0,0,15,1,2050,0,0,0,1
0,18,4,0,0,15,2,2050,0,0,0,1
0,19,2,0,0,15,0,2866,0,0,0,1
0,12,0,0,0,15,3,2056,0,0,0,1
0,15,2,0,0,15,1,2997,0,0,0,1
0,11,0,0,0,15,2,2105,0,0,0,1
0,20,0,0,0,15,1,2079,0,0,0,1
0,18,4,0,0,15,5,2979,0,0,0,1
0,9,4,0,0,15,10,3091,0,0,0,1
0,15,0,0,0,15,2,2831,0,0,0,1
0,11,0,0,0,15,6,2374,0,0,0,1
0,14,0,0,0,15,6,2943,0,0,0,1
0,14,0,0,0,15,2,2930,0,0,0,1
0,12,0,0,0,15,5,3052,0,0,0,1
0,12,0,0,0,15,9,3006,0,0,0,1
0,14,0,0,0,15,2,3043,0,0,0,1
0,16,0,0,0,15,2,3065,0,0,0,1
0,15,0,0,0,15,2,2998,0,0,0,1
0,18,1,0,0,15,6,3067,0,0,0,1
0,10,1,0,0,15,6,3053,0,0,0,1
0,12,3,0,0,15,5,2073,0,0,0,1
0,13,0,0,0,15,3,2918,0,0,0,1
0,9,2,0,0,15,6,3079,0,0,0,1
0,16,0,0,0,15,7,3023,0,0,0,1
0,19,0,0,0,15,7,2902,0,0,0,1
0,19,5,0,0,15,3,2999,0,0,0,1
0,17,2,0,0,15,3,3072,0,0,0,1
0,10,2,0,0,15,10,3062,0,0,0,1
0,18,0,0,0,15,5,3000,0,0,0,1
0,15,0,0,0,15,4,2040,0,0,0,1
0,11,2,0,0,15,8,3090,0,0,0,1
0,10,0,0,0,15,6,2878,0,0,0,1
0,17,2,0,0,15,4,3021,0,0,0,1
0,10,0,0,0,15,3,2353,0,0,0,1
0,15,0,0,0,15,8,2530,0,0,0,1
0,15,0,0,0,15,5,3045,0,0,0,1
0,16,5,0,0,15,4,2235,0,0,0,1
0,7,1,0,0,15,5,3009,0,0,0,1
0,10,0,0,0,15,6,3018,0,0,0,1
0,10,0,0,0,15,7,2900,0,0,0,1
0,16,0,0,0,15,6,3001,0,0,0,1
0,15,4,0,0,15,5,3055,0,0,0,1
0,15,2,0,0,15,2,3005,0,0,0,1
0,13,0,0,0,15,8,3049,0,0,0,1
0,16,4,0,0,15,2,2079,0,0,0,1
0,15,0,0,0,15,4,2995,0,0,0,1
0,17,0,0,0,15,4,3059,0,0,0,1
0,11,4,0,0,15,4,3044,0,0,0,1
0,16,5,0,0,15,4,2986,0,0,0,1
0,13,5,0,0,15,6,3141,0,0,0,1
0,14,2,0,0,14,6,2883,0,0,0,1
0,13,0,0,0,15,9,3026,0,0,0,1
0,9,0,0,0,15,3,2957,0,0,0,1
0,16,4,0,0,15,6,2992,0,0,0,1
0,13,0,0,0,15,3,3011,0,0,0,1
0,14,0,0,0,15,11,3037,0,0,0,1
0,13,2,0,0,15,2,2081,0,0,0,1
0,11,0,0,0,15,3,3006,0,0,0,1
0,12,0,0,0,15,3,2994,0,0,0,1
0,14,0,0,0,15,8,3050,0,0,0,1
0,18,0,0,0,15,8,3028,0,0,0,1
0,10,0,0,0,15,7,3059,0,0,0,1
0,14,0,0,0,15,5,3091,0,0,0,1
0,7,0,0,0,15,2,3037,0,0,0,1
0,15,0,0,0,15,5,3029,0,0,0,1
0,17,3,0,0,15,4,3062,0,0,0,1
0,11,3,0,0,15,2,3058,0,0,0,1
0,16,0,0,0,15,1,3019,0,0,0,1
0,13,2,0,33,61,130,325,0,0,0,1
0,15,0,0,0,15,9,3063,0,0,0,1
0,12,0,0,0,15,8,3038,0,0,0,1
0,8,1,0,0,15,7,3037,0,0,0,1
0,15,0,0,0,15,4,3012,0,0,0,1
0,17,0,0,0,15,4,3076,0,0,0,1
0,11,3,0,0,15,4,3062,0,0,0,1
0,16,0,0,0,15,6,3104,0,0,0,1
0,12,3,0,0,15,5,2964,0,0,0,1
0,13,0,0,0,15,4,2361,0,0,0,1
0,17,2,0,0,15,3,2900,0,0,0,1
0,17,4,0,0,15,5,3015,0,0,0,1
0,10,0,0,0,15,5,2998,0,0,0,1
0,18,2,0,0,15,4,2876,0,0,0,1
0,15,3,0,0,15,3,3040,0,0,0,1
0,10,0,0,0,15,4,3040,0,0,0,1
0,14,3,0,0,15,3,3081,0,0,0,1
0,16,5,0,0,15,1,3036,0,0,0,1
0,11,0,0,0,15,1,3036,0,0,0,1
0,22,0,0,0,15,3,3038,0,0,0,1
0,10,0,0,0,15,3,3057,0,0,0,1
0,15,0,0,0,15,1,2936,0,0,0,1
0,15,0,0,0,15,4,3045,0,0,0,1
0,13,1,0,0,15,3,2983,0,0,0,1
0,8,4,1,2,14,121,5727,8,0,0,1
0,13,0,0,13,16,11,855,0,0,0,1
0,11,4,0,0,16,9,829,0,0,0,1
0,17,0,0,6,15,11,981,0,0,0,1
0,12,4,1,0,15,0,936,0,0,0,1
0,11,6,0,0,15,7,1291,0,0,0,1
0,11,0,0,0,15,2,804,0,0,0,1
0,15,3,0,13,9,55,862,0,0,0,1
0,12,3,0,0,18,288,844,0,0,0,1
0,15,4,0,0,15,0,830,0,0,0,1
0,12,3,0,0,15,2,845,0,0,0,1
0,14,1,0,15,16,0,781,0,0,0,1
0,12,3,1,9,0,106,921,0,0,0,1
0,12,4,0,9,16,0,802,0,0,0,1
0,10,4,0,6,15,32,774,0,0,0,1
0,10,3,0,8,15,22,818,0,0,0,1
0,16,2,0,17,17,32,802,94,0,0,1
0,14,3,0,10,15,3,518,0,0,0,1
0,8,1,0,0,15,26,796,0,0,0,1
0,15,2,0,0,16,61,800,0,0,0,1
0,10,3,0,0,15,1,904,0,0,0,1
0,13,4,0,7,18,85,881,0,0,0,1
0,22,0,0,16,15,3,813,0,0,0,1
0,12,1,0,18,15,2,818,0,0,0,1
0,16,0,0,0,15,44,828,0,0,0,1
0,12,7,0,11,15,17,797,0,0,0,1
0,22,4,0,14,15,67,887,0,0,0,1
0,14,6,0,0,15,5,812,0,0,0,1
0,10,2,0,9,17,42,758,0,0,0,1
0,17,0,0,0,15,50,820,0,0,0,1
0,14,3,0,12,15,20,845,0,0,0,1
0,11,0,0,7,15,8,562,0,0,0,1
0,14,4,0,12,15,27,50,0,0,0,1
0,10,4,0,5,15,2,1123,0,0,0,1
0,12,6,0,12,15,27,938,0,0,0,1
0,13,5,0,9,0,1,783,0,0,0,1
0,10,4,0,0,15,1,847,0,0,0,1
0,12,4,1,0,15,0,819,0,0,0,1
0,14,4,1,0,15,0,794,0,0,0,1
0,15,4,1,0,15,0,1226,0,0,0,1
0,12,4,0,0,15,1,774,0,0,0,1
0,15,2,0,14,15,1,863,0,0,0,1
0,12,10,0,11,16,16,835,0,0,0,1
0,15,4,0,15,15,3,813,0,0,0,1
0,12,4,0,0,15,0,846,0,0,0,1
0,11,3,0,0,15,1,822,0,0,0,1
0,18,6,0,0,15,2,545,0,0,0,1
0,11,4,0,11,16,1,819,0,0,0,1
0,9,7,1,9,15,0,899,0,0,0,1
0,16,3,1,16,15,1,844,22,0,0,1
0,14,3,0,0,16,4,837,0,0,0,1
0,13,2,1,11,15,0,532,0,0,0,1
0,14,0,1,14,15,0,664,59,0,0,1
0,26,4,0,19,15,11,1104,27,0,0,1
0,12,3,1,9,15,2,829,12,0,0,1
0,14,6,1,0,15,0,869,0,0,0,1
0,17,2,1,0,15,0,851,0,0,0,1
0,10,4,0,13,4,57,2140,0,0,0,1
0,15,2,1,0,15,0,807,0,0,0,1
0,9,3,1,0,15,0,820,0,0,0,1
0,11,5,1,0,15,0,824,0,0,0,1
0,11,4,0,0,15,1,1104,0,0,0,1
0,12,3,0,9,15,1,775,0,0,0,1
0,15,3,0,16,15,2,852,0,0,0,1
0,21,4,1,0,15,0,842,0,0,0,1
0,10,2,1,0,15,1,883,0,0,0,1
0,16,0,0,16,15,3,1012,0,0,0,1
0,15,4,1,0,15,0,955,0,0,0,1
0,17,10,0,0,15,0,959,0,0,0,1
0,8,2,1,0,15,0,613,0,0,0,1
0,11,3,1,16,15,0,856,0,0,0,1
0,9,1,0,9,15,3,943,0,0,0,1
0,13,6,0,0,15,2,887,0,0,0,1
0,14,4,0,0,15,19,1007,0,0,0,1
0,12,0,1,12,15,0,872,0,0,0,1
0,10,4,0,5,16,45,2085,0,0,0,1
0,14,2,1,13,15,0,761,0,0,0,1
0,14,5,1,14,15,0,551,0,0,0,1
0,11,4,0,5,15,1,828,0,0,0,1
0,11,4,1,0,16,0,901,0,0,0,1
0,16,3,1,14,15,2,798,0,0,0,1
0,12,4,1,11,16,0,838,0,0,0,1
1,23,3,0,22,0,53,2116,6,0,0,1
0,14,4,0,0,15,4,1516,0,0,0,1
0,16,6,0,0,15,3,1293,0,0,0,1
0,16,0,0,0,15,9,4098,0,0,0,1
0,11,2,0,0,15,2,821,0,0,0,1
0,11,0,0,0,15,5,4094,0,0,0,1
0,9,0,0,0,15,6,4072,0,0,0,1
0,10,3,0,0,15,12,2113,0,0,0,1
0,15,2,0,0,15,7,4122,0,0,0,1
0,12,8,0,0,15,4,4119,0,0,0,1
0,10,0,0,0,15,3,3538,0,0,0,1
0,16,0,1,7,15,1,926,63,0,0,1
0,14,7,1,0,15,0,539,0,0,0,1
0,12,0,0,0,15,4,4093,0,0,0,1
0,12,8,0,16,15,3,2118,0,0,0,1
0,20,3,1,27,15,21,959,0,0,0,1
0,10,4,1,13,15,0,2085,0,0,0,1
0,12,5,1,0,15,0,2103,0,0,0,1
0,21,2,0,0,15,3,3174,0,0,0,1
0,10,6,0,0,15,3,722,0,0,0,1
0,14,0,0,0,15,2,733,0,0,0,1
0,8,0,0,0,15,2,777,0,0,0,1
0,14,0,0,0,15,2,759,0,0,0,1
0,12,0,0,0,15,0,735,0,0,0,1
0,9,2,0,0,15,3,753,0,0,0,1
0,15,2,0,0,15,6,793,0,0,0,1
0,10,2,0,0,15,7,1914,0,0,0,1
0,13,0,0,0,15,4,783,0,0,0,1
0,13,0,0,0,15,3,759,0,0,0,1
0,11,0,0,0,15,1,740,0,0,0,1
0,18,0,0,0,15,1,738,0,0,0,1
0,10,0,0,0,15,0,753,0,0,0,1
0,9,4,0,0,15,6,745,0,0,0,1
0,12,5,0,0,15,2,743,0,0,0,1
0,9,0,0,0,15,6,796,0,0,0,1
0,8,4,0,0,15,0,781,0,0,0,1
0,11,3,0,0,15,2,2975,0,0,0,1
0,14,5,0,0,15,5,757,0,0,0,1
0,10,2,0,0,15,12,2917,0,0,0,1
0,14,2,0,0,15,15,3017,0,0,0,1
0,15,0,0,0,15,1,1889,0,0,0,1
0,25,0,0,0,15,1,1964,0,0,0,1
0,10,2,0,0,15,1,2981,0,0,0,1
0,7,0,0,0,15,1,2959,0,0,0,1
0,9,0,0,0,15,5,2164,0,0,0,1
0,20,0,0,0,15,1,2938,0,0,0,1
0,15,0,0,0,15,3,2000,0,0,0,1
0,14,0,0,0,15,2,2973,0,0,0,1
0,9,0,0,0,15,3,2979,0,0,0,1
0,11,0,0,0,15,4,2952,0,0,0,1
0,12,0,0,0,15,2,2945,0,0,0,1
0,10,0,0,0,15,5,1993,0,0,0,1
0,11,5,0,0,15,4,2998,0,0,0,1
0,12,0,0,0,15,3,2951,0,0,0,1
0,11,0,0,0,15,2,2975,0,0,0,1
0,10,0,0,0,15,6,2237,0,0,0,1
0,18,4,0,0,15,4,2964,0,0,0,1
0,13,2,0,0,15,6,2992,0,0,0,1
0,8,5,0,0,15,7,2980,0,0,0,1
0,25,0,0,0,15,5,2950,0,0,0,1
0,28,5,0,0,15,7,2975,0,0,0,1
0,13,3,0,0,15,6,3024,0,0,0,1
0,12,2,0,0,15,3,2995,0,0,0,1
0,18,0,0,0,15,5,2995,0,0,0,1
0,9,2,0,0,15,4,1997,0,0,0,1
0,8,0,0,0,15,2,1979,0,0,0,1
0,9,0,0,0,15,4,2972,0,0,0,1
0,10,0,0,0,15,10,2976,0,0,0,1
0,11,0,0,0,15,6,2980,0,0,0,1
0,11,0,0,0,15,4,2419,0,0,0,1
0,7,0,0,0,15,3,2982,0,0,0,1
0,10,3,0,0,15,11,3016,0,0,0,1
0,10,3,0,0,15,11,3016,0,0,0,1
0,10,3,0,0,15,11,3016,0,0,0,1
0,10,3,0,0,15,11,3016,0,0,0,1
0,11,0,0,0,15,4,2970,0,0,0,1
0,16,0,0,0,15,3,2371,0,0,0,1
0,13,0,0,0,15,8,2896,0,0,0,1
0,19,0,0,0,15,6,2937,0,0,0,1
0,11,0,0,0,15,4,2944,0,0,0,1
0,12,0,0,0,15,5,2954,0,0,0,1
0,10,0,0,0,15,3,2982,0,0,0,1
0,8,4,0,0,15,6,2985,0,0,0,1
0,11,0,0,0,15,8,2670,0,0,0,1
0,17,0,0,0,15,6,3017,0,0,0,1
0,24,0,0,0,15,6,2950,0,0,0,1
0,10,0,0,0,15,7,2962,0,0,0,1
0,12,4,0,0,15,4,1996,0,0,0,1
0,12,2,0,0,15,1,2131,0,0,0,1
0,14,0,0,0,15,7,2968,0,0,0,1
0,10,0,0,0,15,4,1975,0,0,0,1
0,11,0,0,0,15,2,2987,0,0,0,1
0,26,5,0,0,15,3,2986,0,0,0,1
0,9,0,0,0,15,4,2898,0,0,0,1
0,17,3,0,0,15,8,2987,0,0,0,1
0,9,0,0,0,15,8,2991,0,0,0,1
0,10,3,0,0,15,5,2970,0,0,0,1
0,9,2,0,0,15,4,2981,0,0,0,1
0,12,0,0,0,15,2,2970,0,0,0,1
0,12,2,0,0,15,2,1986,0,0,0,1
0,7,1,0,0,15,1,2013,0,0,0,1
0,13,0,0,0,15,2,2023,0,0,0,1
0,14,2,0,0,15,5,3020,0,0,0,1
0,10,5,0,0,15,7,1983,0,0,0,1
0,13,0,0,0,15,2,2134,0,0,0,1
0,9,1,0,0,15,2,1969,0,0,0,1
0,13,0,0,0,15,4,2966,0,0,0,1
0,17,2,0,0,15,2,2990,0,0,0,1
0,16,3,0,0,15,4,1998,0,0,0,1
0,10,0,0,0,15,5,2960,0,0,0,1
0,11,0,0,0,15,5,2970,0,0,0,1
0,13,0,0,0,15,8,2963,0,0,0,1
0,28,0,0,0,15,3,2999,0,0,0,1
0,14,0,0,0,15,5,3003,0,0,0,1
0,13,0,0,0,15,5,2996,0,0,0,1
0,10,4,0,0,15,4,2978,0,0,0,1
